Daily Time Spent on Site,Age,Area Income,City,Male,Country,Timestamp,Clicked on Ad
68.95,35,61833.9,Wrightburgh,0,Tunisia,2016-03-27T00:53:11Z,0
80.23,31,68441.85,West Jodi,1,Nauru,2016-04-04T01:39:02Z,0
69.47,26,59785.94,Davidton,0,San Marino,2016-03-13T20:35:42Z,0
74.15,29,54806.18,West Terrifurt,1,Italy,2016-01-10T02:31:19Z,0
68.37,35,73889.99,South Manuel,0,Iceland,2016-06-03T03:36:18Z,0
59.99,23,59761.56,Jamieberg,1,Norway,2016-05-19T14:30:17Z,0
88.91,33,53852.85,Brandonstad,0,Myanmar,2016-01-28T20:59:32Z,0
66,48,24593.33,Port Jefferybury,1,Australia,2016-03-07T01:40:15Z,1
74.53,30,68862,West Colin,1,Grenada,2016-04-18T09:33:42Z,0
69.88,20,55642.32,Ramirezton,1,Ghana,2016-07-11T01:42:51Z,0
47.64,49,45632.51,West Brandonton,0,Qatar,2016-03-16T20:19:01Z,1
83.07,37,62491.01,East Theresashire,1,Burundi,2016-05-08T08:10:10Z,0
69.57,48,51636.92,West Katiefurt,1,Egypt,2016-06-03T01:14:41Z,1
79.52,24,51739.63,North Tara,0,Bosnia and Herzegovina,2016-04-20T21:49:22Z,0
42.95,33,30976,West William,0,Barbados,2016-03-24T09:31:49Z,1
63.45,23,52182.23,New Travistown,1,Spain,2016-03-09T03:41:30Z,1
55.39,37,23936.86,West Dylanberg,0,Palestinian Territory,2016-01-30T19:20:41Z,1
82.03,41,71511.08,Pruittmouth,0,Afghanistan,2016-05-02T07:00:58Z,0
54.7,36,31087.54,Jessicastad,1,British Indian Ocean Territory (Chagos Archipelago),2016-02-13T07:53:55Z,1
74.58,40,23821.72,Millertown,1,Russian Federation,2016-02-27T04:43:07Z,1
77.22,30,64802.33,Port Jacqueline,1,Cameroon,2016-01-05T07:52:48Z,0
84.59,35,60015.57,Lake Nicole,1,Cameroon,2016-03-18T13:22:35Z,0
41.49,52,32635.7,South John,0,Burundi,2016-05-20T08:49:33Z,1
87.29,36,61628.72,Pamelamouth,1,Korea,2016-03-23T09:43:43Z,0
41.39,41,68962.32,Harperborough,0,Tokelau,2016-06-13T17:27:09Z,1
78.74,28,64828,Port Danielleberg,1,Monaco,2016-05-27T15:25:52Z,0
48.53,28,38067.08,West Jeremyside,1,Tuvalu,2016-02-08T10:46:14Z,1
51.95,52,58295.82,South Cathyfurt,0,Greece,2016-07-19T08:32:10Z,1
70.2,34,32708.94,Palmerside,0,British Virgin Islands,2016-04-14T05:08:35Z,1
76.02,22,46179.97,West Guybury,0,Bouvet Island (Bouvetoya),2016-01-27T12:38:16Z,0
67.64,35,51473.28,Phelpschester,1,Peru,2016-07-02T20:23:15Z,0
86.41,28,45593.93,Lake Melindamouth,1,Aruba,2016-03-01T22:13:37Z,0
59.05,57,25583.29,North Richardburgh,1,Maldives,2016-07-15T05:05:14Z,1
55.6,23,30227.98,Port Cassie,0,Senegal,2016-01-14T14:00:09Z,1
57.64,57,45580.92,New Thomas,1,Dominica,2016-03-15T03:12:25Z,1
84.37,30,61389.5,Johnstad,0,Luxembourg,2016-04-12T03:26:39Z,0
62.26,53,56770.79,West Aprilport,1,Montenegro,2016-04-07T15:18:10Z,1
65.82,39,76435.3,Kellytown,0,Ukraine,2016-02-09T05:28:18Z,0
50.43,46,57425.87,Charlesport,1,Saint Helena,2016-05-07T17:11:49Z,1
38.93,39,27508.41,Millerchester,0,Liberia,2016-03-11T06:49:10Z,1
84.98,29,57691.95,Mackenziemouth,0,Russian Federation,2016-04-27T09:27:58Z,0
64.24,30,59784.18,Zacharystad,0,Tunisia,2016-04-16T11:53:43Z,0
82.52,32,66572.39,North Joshua,1,Turkmenistan,2016-05-08T15:38:46Z,0
81.38,31,64929.61,Bowenview,0,Saint Helena,2016-02-08T00:23:38Z,0
80.47,25,57519.64,Jamesberg,0,Niger,2016-02-11T13:26:22Z,0
37.68,52,53575.48,Lake Cassandraport,1,Turkmenistan,2016-02-17T13:16:33Z,1
69.62,20,50983.75,New Sharon,1,Qatar,2016-02-26T22:46:43Z,0
85.4,43,67058.72,Johnport,0,Sri Lanka,2016-06-08T18:54:01Z,0
44.33,37,52723.34,Hamiltonfort,1,Trinidad and Tobago,2016-01-08T09:32:26Z,1
48.01,46,54286.1,West Christopher,0,Italy,2016-04-25T11:01:54Z,1
73.18,23,61526.25,Hollandberg,1,British Virgin Islands,2016-04-04T07:07:46Z,0
79.94,28,58526.04,Odomville,0,United Kingdom,2016-05-03T21:19:58Z,0
33.33,45,53350.11,East Samanthashire,1,Guinea-Bissau,2016-01-17T09:31:36Z,1
50.33,50,62657.53,South Lauraton,1,Micronesia,2016-03-02T04:57:51Z,1
62.31,47,62722.57,Amandahaven,0,Turkey,2016-02-14T07:36:58Z,1
80.6,31,67479.62,Thomasview,0,Croatia,2016-04-07T03:56:16Z,0
65.19,36,75254.88,Garciaside,0,Israel,2016-02-17T11:42:00Z,1
44.98,49,52336.64,Port Sarahshire,0,Svalbard & Jan Mayen Islands,2016-04-10T00:13:47Z,1
77.63,29,56113.37,Port Gregory,0,Azerbaijan,2016-02-14T17:05:15Z,0
41.82,41,24852.9,Brendachester,0,Iran,2016-05-26T22:49:47Z,1
85.61,27,47708.42,Lake Amy,0,Burundi,2016-04-30T08:07:13Z,0
85.84,34,64654.66,Lake Annashire,1,Saint Vincent and the Grenadines,2016-06-15T05:30:13Z,0
72.08,29,71228.44,Smithburgh,0,Burundi,2016-03-09T14:45:33Z,0
86.06,32,61601.05,North Leonmouth,1,Bulgaria,2016-03-31T20:55:22Z,0
45.96,45,66281.46,Robertfurt,0,Christmas Island,2016-06-03T00:55:23Z,1
62.42,29,73910.9,Jasminefort,1,Canada,2016-03-10T23:36:03Z,0
63.89,40,51317.33,Jensenborough,0,Rwanda,2016-01-08T00:17:27Z,1
35.33,32,51510.18,Bradleyburgh,0,Turks and Caicos Islands,2016-06-05T22:11:34Z,1
75.74,25,61005.87,New Sheila,1,Tunisia,2016-01-16T11:35:01Z,0
78.53,34,32536.98,North Regina,0,Norfolk Island,2016-04-22T20:10:22Z,1
46.13,31,60248.97,Davidmouth,0,Bouvet Island (Bouvetoya),2016-02-01T09:00:55Z,1
69.01,46,74543.81,New Michaeltown,0,Turks and Caicos Islands,2016-07-07T13:37:34Z,0
55.35,39,75509.61,East Tammie,1,Cook Islands,2016-03-08T00:37:54Z,1
33.21,43,42650.32,Wilcoxport,1,Turkey,2016-05-10T17:39:06Z,1
38.46,42,58183.04,East Michaelmouth,1,Guatemala,2016-04-06T11:24:21Z,1
64.1,22,60465.72,East Tiffanyport,0,Cote d'Ivoire,2016-04-01T16:21:05Z,0
49.81,35,57009.76,Ramirezhaven,1,Faroe Islands,2016-01-05T04:18:46Z,1
82.73,33,54541.56,Cranemouth,1,Qatar,2016-05-20T21:31:24Z,0
56.14,38,32689.04,Lake Edward,1,Ireland,2016-02-03T07:59:16Z,1
55.13,45,55605.92,Lake Conniefurt,0,Ukraine,2016-02-17T21:55:29Z,1
78.11,27,63296.87,East Shawnchester,1,Moldova,2016-01-30T16:10:04Z,0
73.46,28,65653.47,West Joseph,1,Nicaragua,2016-05-15T14:41:49Z,0
56.64,38,61652.53,Lake Christopherfurt,0,Montserrat,2016-01-05T17:56:52Z,1
68.94,54,30726.26,East Tylershire,0,Timor-Leste,2016-04-19T07:34:28Z,1
70.79,31,74535.94,Sharpberg,0,Bouvet Island (Bouvetoya),2016-03-15T15:49:14Z,0
57.76,41,47861.93,Lake Dustin,0,Puerto Rico,2016-06-12T15:25:44Z,1
77.51,36,73600.28,North Kristine,0,Central African Republic,2016-07-01T04:41:57Z,0
52.7,34,58543.94,Grahamberg,1,Venezuela,2016-05-08T12:12:04Z,1
57.7,34,42696.67,New Tina,0,Australia,2016-03-14T23:13:11Z,1
56.89,37,37334.78,Nelsonfurt,1,Wallis and Futuna,2016-05-25T00:19:57Z,1
69.9,43,71392.53,Christopherport,0,Jersey,2016-05-13T11:51:10Z,1
55.79,24,59550.05,Port Sarahhaven,0,Puerto Rico,2016-02-20T20:47:05Z,1
70.03,26,64264.25,Bradleyborough,1,Samoa,2016-05-22T20:49:37Z,0
50.08,40,64147.86,Whiteport,1,Greece,2016-04-10T02:02:36Z,1
43.67,31,25686.34,New Theresa,1,Antarctica (the territory South of 60 deg S),2016-02-28T06:41:44Z,1
72.84,26,52968.22,Wongland,0,Albania,2016-07-08T21:18:32Z,0
45.72,36,22473.08,Williammouth,1,Hong Kong,2016-04-19T15:14:58Z,1
39.94,41,64927.19,Williamsborough,0,Lithuania,2016-01-08T22:47:10Z,1
35.61,46,51868.85,North Michael,0,Egypt,2016-03-28T08:46:26Z,1
79.71,34,69456.83,Benjaminchester,1,Bangladesh,2016-07-02T14:57:53Z,0
41.49,53,31947.65,Hernandezville,0,Western Sahara,2016-07-03T09:22:30Z,1
63.6,23,51864.77,Youngburgh,1,Serbia,2016-06-01T09:27:34Z,0
89.91,40,59593.56,Wallacechester,0,Maldives,2016-07-09T14:55:36Z,0
68.18,21,48376.14,Sanchezmouth,1,Czech Republic,2016-02-09T22:04:54Z,0
66.49,20,56884.74,Bradshawborough,0,Guernsey,2016-06-10T11:31:33Z,0
80.49,40,67186.54,Amyhaven,1,Tanzania,2016-02-14T03:50:52Z,0
72.23,25,46557.92,Marcushaven,1,Bhutan,2016-07-05T17:17:49Z,0
42.39,42,66541.05,Erinton,0,Christmas Island,2016-04-28T05:50:25Z,1
47.53,30,33258.09,Hughesport,0,Guinea,2016-04-03T05:10:31Z,1
74.02,32,72272.9,Johnstad,0,Micronesia,2016-03-09T14:57:11Z,0
66.63,60,60333.38,New Lucasburgh,0,Madagascar,2016-01-16T23:37:51Z,1
63.24,53,65229.13,Michelleside,1,Lebanon,2016-07-03T04:33:41Z,1
71,22,56067.38,Andersonton,0,Eritrea,2016-03-14T06:46:14Z,0
46.13,46,37838.72,New Rachel,1,Guyana,2016-01-09T05:44:56Z,1
69,32,72683.35,Port Susan,1,Trinidad and Tobago,2016-02-11T04:37:34Z,0
76.99,31,56729.78,West Angelabury,1,Jersey,2016-06-22T07:33:21Z,0
72.6,55,66815.54,Port Christopherborough,0,United Arab Emirates,2016-07-13T16:12:24Z,1
61.88,42,60223.52,Phillipsbury,1,Martinique,2016-07-23T11:46:28Z,1
84.45,50,29727.79,Millerside,0,Somalia,2016-07-13T04:10:53Z,1
88.97,45,49269.98,Lake Jessica,0,Bhutan,2016-06-11T18:32:12Z,1
86.19,31,57669.41,Lopezmouth,1,Greece,2016-05-08T12:51:00Z,0
49.58,26,56791.75,Johnsport,0,Benin,2016-04-07T16:02:02Z,0
77.65,27,63274.88,South Ronald,0,Papua New Guinea,2016-02-04T13:30:32Z,0
37.75,36,35466.8,South Daniel,0,Uzbekistan,2016-02-26T19:48:23Z,1
62.33,43,68787.09,Suzannetown,0,South Africa,2016-06-21T13:15:21Z,1
79.57,31,61227.59,Lisaberg,0,Egypt,2016-05-17T04:27:31Z,0
80.31,44,56366.88,Brianfurt,0,Hungary,2016-04-18T15:54:33Z,1
89.05,45,57868.44,Stewartbury,0,Falkland Islands (Malvinas),2016-04-03T10:07:56Z,0
70.41,27,66618.21,Benjaminchester,0,Dominica,2016-04-04T21:30:46Z,0
67.36,37,73104.47,North Wesleychester,0,Jersey,2016-07-06T16:00:33Z,0
46.98,50,21644.91,East Michelleberg,0,Lithuania,2016-05-04T09:00:24Z,1
41.67,36,53817.02,Port Eric,0,Saint Martin,2016-06-13T18:50:00Z,1
51.24,36,76368.31,Timothyfurt,0,Cuba,2016-01-03T16:01:40Z,1
75.7,29,67633.44,Port Jeffrey,0,United States Minor Outlying Islands,2016-01-14T00:23:10Z,0
43.49,47,50335.46,Guzmanland,0,Belize,2016-01-12T10:07:29Z,1
49.89,39,17709.98,East Michele,1,Belize,2016-04-16T12:09:25Z,1
38.37,36,41229.16,East John,0,Antarctica (the territory South of 60 deg S),2016-05-13T06:09:28Z,1
38.52,38,42581.23,Lesliebury,1,Saint Vincent and the Grenadines,2016-03-27T23:59:06Z,1
71.89,23,61617.98,Patriciahaven,1,Kuwait,2016-02-03T23:47:56Z,0
75.8,38,70575.6,Ashleychester,1,Thailand,2016-04-18T11:23:05Z,0
83.86,31,64122.36,Lake Josetown,0,Gibraltar,2016-02-05T19:06:01Z,0
37.51,30,52097.32,Debraburgh,1,Holy See (Vatican City State),2016-03-21T18:46:41Z,1
55.6,44,65953.76,New Debbiestad,1,Korea,2016-06-14T11:59:58Z,1
83.67,44,60192.72,West Shaun,1,Saint Helena,2016-02-06T23:08:57Z,0
69.08,41,77460.07,Kimberlyhaven,0,Turks and Caicos Islands,2016-03-12T01:39:19Z,0
37.47,44,45716.48,Port Lawrence,1,Czech Republic,2016-01-26T03:56:18Z,1
56.04,49,65120.86,West Ricardo,1,Netherlands,2016-02-07T08:02:31Z,1
70.92,41,49995.63,Lake Jose,1,Belarus,2016-05-05T07:58:22Z,1
49.78,46,71718.51,Heatherberg,0,Dominica,2016-06-29T02:43:29Z,1
68.61,57,61770.34,South George,0,South Africa,2016-04-10T19:48:01Z,1
58.18,25,69112.84,Tinachester,1,New Zealand,2016-02-10T06:37:56Z,0
78.54,35,72524.86,Port Jodi,0,Togo,2016-05-28T20:41:50Z,0
37,48,36782.38,Jonathantown,1,Kenya,2016-03-24T06:36:52Z,1
65.4,33,66699.12,Sylviaview,0,Palau,2016-02-12T22:51:08Z,0
79.52,27,64287.78,East Timothyport,1,Timor-Leste,2016-06-10T10:11:00Z,0
87.98,38,56637.59,West Roytown,1,Cambodia,2016-03-31T10:44:46Z,0
44.64,36,55787.58,Codyburgh,0,Belize,2016-02-14T06:51:43Z,1
41.73,28,61142.33,Port Erikhaven,1,Cuba,2016-01-07T19:16:05Z,1
80.46,27,61625.87,Port Chasemouth,1,Costa Rica,2016-02-04T02:13:52Z,0
75.55,36,73234.87,Ramirezside,0,Liechtenstein,2016-05-09T02:58:58Z,1
76.32,35,74166.24,East Michaeltown,1,Korea,2016-06-23T00:16:02Z,0
82.68,33,62669.59,West Courtney,1,Ukraine,2016-06-20T09:35:02Z,0
72.01,31,57756.89,West Michaelhaven,0,Angola,2016-02-29T12:31:57Z,0
75.83,24,58019.64,Walshhaven,0,Nauru,2016-01-17T15:10:31Z,0
41.28,50,50960.08,East Rachelview,0,Equatorial Guinea,2016-01-29T03:54:19Z,1
34.66,32,48246.6,Curtisport,0,Mongolia,2016-07-14T12:07:10Z,1
66.18,55,28271.84,Frankbury,0,Svalbard & Jan Mayen Islands,2016-01-10T23:14:30Z,1
86.06,31,53767.12,Timothytown,1,Timor-Leste,2016-04-28T18:34:56Z,0
59.59,42,43662.1,Samanthaland,1,Brazil,2016-07-06T18:36:01Z,1
86.69,34,62238.58,South Jennifer,0,Chad,2016-05-27T06:19:27Z,0
43.77,52,49030.03,Kyleborough,1,Portugal,2016-01-25T07:39:41Z,1
71.84,47,76003.47,North Randy,1,Malawi,2016-05-08T22:47:18Z,0
80.23,31,68094.85,South Daniellefort,0,Qatar,2016-03-19T14:23:45Z,0
74.41,26,64395.85,Dianashire,0,Singapore,2016-07-23T04:37:05Z,0
63.36,48,70053.27,East Eric,0,Guinea,2016-06-23T01:22:43Z,1
71.74,35,72423.97,Hammondport,0,Kazakhstan,2016-07-19T18:06:22Z,0
60.72,44,42995.8,Jacobstad,0,Kuwait,2016-02-28T18:52:44Z,1
72.04,22,60309.58,Hernandezfort,0,Rwanda,2016-02-10T06:52:07Z,0
44.57,31,38349.78,Joneston,1,China,2016-03-27T09:11:10Z,1
85.86,34,63115.34,New Jeffreychester,0,Bouvet Island (Bouvetoya),2016-05-23T02:15:04Z,0
39.85,38,31343.39,East Stephen,0,Vietnam,2016-01-03T03:22:15Z,1
84.53,27,40763.13,Turnerchester,0,Guatemala,2016-01-04T21:48:38Z,1
62.95,60,36752.24,Youngfort,0,Peru,2016-05-24T13:30:38Z,1
67.58,41,65044.59,Ingramberg,1,Mayotte,2016-02-01T19:42:40Z,0
85.56,29,53673.08,South Denisefurt,0,Samoa,2016-06-05T13:16:24Z,0
46.88,54,43444.86,Port Melissaberg,0,Singapore,2016-02-04T08:53:37Z,1
46.31,57,44248.52,Bernardton,1,Jamaica,2016-03-24T13:37:53Z,1
77.95,31,62572.88,Port Mathew,1,Bahamas,2016-06-02T21:02:22Z,0
84.73,30,39840.55,Aliciatown,0,Canada,2016-02-21T07:42:48Z,1
39.86,36,32593.59,Josephstad,0,Algeria,2016-06-26T17:16:26Z,1
50.08,30,41629.86,West Ericfurt,0,Fiji,2016-01-03T05:34:33Z,1
60.23,35,43313.73,New Brendafurt,0,Kenya,2016-03-08T18:00:43Z,1
60.7,49,42993.48,Port Julie,1,Argentina,2016-06-19T03:19:44Z,1
43.67,53,46004.31,South Tiffanyton,1,Bouvet Island (Bouvetoya),2016-07-21T21:16:35Z,1
77.2,33,49325.48,North Elizabeth,1,Philippines,2016-02-12T20:36:40Z,0
71.86,32,51633.34,Kentmouth,0,Senegal,2016-05-17T06:14:20Z,1
44.78,45,63363.04,West Casey,1,Suriname,2016-07-09T11:04:54Z,1
78.57,36,64045.93,East Henry,1,Liberia,2016-03-27T02:35:29Z,0
73.41,31,73049.3,Hollyfurt,1,Guam,2016-01-16T08:01:40Z,0
77.05,27,66624.6,North Anna,0,United Arab Emirates,2016-01-21T23:48:29Z,0
66.4,40,77567.85,Port Destiny,0,Antigua and Barbuda,2016-06-05T00:29:13Z,0
69.35,29,53431.35,Ianmouth,1,Argentina,2016-02-13T15:37:36Z,0
35.65,40,31265.75,North Johntown,1,Georgia,2016-05-10T07:22:37Z,1
70.04,31,74780.74,Hannahside,1,Jordan,2016-03-27T03:59:26Z,0
69.78,29,70410.11,Wilsonburgh,0,Saudi Arabia,2016-05-24T18:35:58Z,0
58.22,29,37345.24,North Russellborough,0,South Africa,2016-02-11T02:40:02Z,1
76.9,28,66107.84,Murphymouth,0,Croatia,2016-04-22T08:31:24Z,0
84.08,30,62336.39,Carterburgh,1,Fiji,2016-01-13T02:58:27Z,0
59.51,58,39132.64,Penatown,0,Australia,2016-06-16T02:01:24Z,1
40.15,38,38745.29,Joechester,1,Sao Tome and Principe,2016-06-27T18:37:04Z,1
76.81,28,65172.22,East Paul,1,Fiji,2016-07-03T12:57:03Z,0
41.89,38,68519.96,Hartmanchester,0,Cyprus,2016-02-03T04:21:14Z,1
76.87,27,54774.77,Mcdonaldfort,1,Kyrgyz Republic,2016-05-29T21:17:10Z,0
67.28,43,76246.96,North Mercedes,1,Pakistan,2016-04-03T21:13:46Z,1
81.98,40,65461.92,Taylorberg,0,Seychelles,2016-04-15T11:51:14Z,0
66.01,23,34127.21,Hansenmouth,0,Samoa,2016-06-21T03:14:41Z,1
61.57,53,35253.98,Bradyfurt,1,Bulgaria,2016-03-14T14:13:05Z,1
53.3,34,44893.71,West Jessicahaven,0,Mauritania,2016-05-06T21:07:31Z,1
34.87,40,59621.02,Davilachester,0,Czech Republic,2016-06-12T17:52:43Z,1
43.6,38,20856.54,North Ricardotown,0,Chile,2016-01-11T07:36:22Z,1
77.88,37,55353.41,Melissafurt,0,Poland,2016-07-02T00:24:22Z,0
75.83,27,67516.07,East Brianberg,0,Estonia,2016-03-04T10:13:48Z,0
49.95,39,68737.75,Millerbury,0,Turkmenistan,2016-03-24T09:12:52Z,1
60.94,41,76893.84,Garciaview,0,Latvia,2016-02-14T07:30:24Z,1
89.15,42,59886.58,Townsendfurt,0,Fiji,2016-04-25T07:30:21Z,0
78.7,30,53441.69,Williamstad,0,Turkey,2016-02-10T19:20:51Z,1
57.35,29,41356.31,West Connor,0,Kazakhstan,2016-04-23T14:34:38Z,1
34.86,38,49942.66,West Justin,0,Bahrain,2016-06-18T17:56:32Z,1
70.68,31,74430.08,Robertbury,0,Colombia,2016-07-17T01:58:53Z,0
76.06,23,58633.63,New Tinamouth,0,Brunei Darussalam,2016-04-27T04:28:17Z,0
66.67,33,72707.87,Turnerview,1,Taiwan,2016-04-21T20:29:35Z,0
46.77,32,31092.93,Reneechester,1,Serbia,2016-03-23T06:00:15Z,1
62.42,38,74445.18,West Tinashire,0,Saint Pierre and Miquelon,2016-07-19T07:59:18Z,1
78.32,28,49309.14,Jamesfurt,0,Australia,2016-06-26T11:52:18Z,1
37.32,50,56735.14,New Nancy,1,Chad,2016-03-30T23:40:52Z,1
40.42,45,40183.75,Lisamouth,1,Norway,2016-03-16T07:59:37Z,1
76.77,36,58348.41,Harveyport,0,Turks and Caicos Islands,2016-05-04T00:01:33Z,1
65.65,30,72209.99,Ramosstad,0,Finland,2016-07-02T21:22:23Z,0
74.32,33,62060.11,North Kevinside,0,South Africa,2016-05-23T21:14:38Z,1
73.27,32,67113.46,Haleview,1,Martinique,2016-01-29T20:16:54Z,0
80.03,44,24030.06,Christinetown,0,Afghanistan,2016-07-23T14:47:23Z,1
53.68,47,56180.93,New Michael,1,Micronesia,2016-02-16T09:11:27Z,1
85.84,32,62204.93,Jonesland,1,French Southern Territories,2016-06-09T21:43:05Z,0
85.03,30,60372.64,North Shannon,0,Philippines,2016-06-19T09:24:35Z,0
70.44,24,65280.16,New Sonialand,1,Algeria,2016-06-06T21:26:51Z,0
81.22,53,34309.24,Port Jason,1,San Marino,2016-01-07T13:25:21Z,0
39.96,45,59610.81,East Barbara,1,Guernsey,2016-04-15T06:08:35Z,1
57.05,41,50278.89,Port Erinberg,1,Sierra Leone,2016-01-09T03:45:19Z,1
42.44,56,43450.11,Petersonfurt,0,Tajikistan,2016-02-10T15:23:17Z,1
62.2,25,25408.21,New Lindaberg,0,Liechtenstein,2016-04-24T13:42:15Z,1
76.7,36,71136.49,West Russell,0,Ecuador,2016-06-12T05:31:19Z,0
61.22,45,63883.81,South Adam,1,Switzerland,2016-01-05T09:42:22Z,1
84.54,33,64902.47,North Tracyport,1,Moldova,2016-03-02T10:07:43Z,0
46.08,30,66784.81,Brownport,1,Finland,2016-07-21T10:54:35Z,1
56.7,48,62784.85,Port Crystal,0,France,2016-01-09T04:53:22Z,1
81.03,28,63727.5,Masonhaven,0,Venezuela,2016-01-06T13:20:01Z,0
80.91,32,61608.23,Derrickhaven,0,Cuba,2016-01-31T04:10:20Z,0
40.06,38,56782.18,Olsonstad,1,Peru,2016-06-11T08:38:16Z,1
83.47,39,64447.77,New Brandy,0,Turkey,2016-05-15T20:48:40Z,0
73.84,31,42042.95,South Jasminebury,0,Albania,2016-06-18T17:23:26Z,1
74.65,28,67669.06,East Timothy,0,French Southern Territories,2016-03-17T05:00:12Z,0
60.25,35,54875.95,Charlottefort,0,Papua New Guinea,2016-06-29T13:35:05Z,1
59.21,35,73347.67,Lake Beckyburgh,1,Liechtenstein,2016-02-02T08:55:26Z,1
43.02,44,50199.77,West Lindseybury,0,Thailand,2016-04-13T05:42:52Z,1
84.04,38,50723.67,West Alyssa,0,Malaysia,2016-07-20T09:27:24Z,0
70.66,43,63450.96,Lake Craigview,1,Mauritius,2016-02-26T04:57:14Z,1
70.58,26,56694.12,Lake David,0,Algeria,2016-02-26T09:18:48Z,1
72.44,34,70547.16,Bruceburgh,0,Christmas Island,2016-04-15T14:45:48Z,0
40.17,26,47391.95,South Lauratown,1,Japan,2016-02-01T14:37:34Z,1
79.15,26,62312.23,Port Robin,0,Greenland,2016-01-20T19:09:37Z,0
44.49,53,63100.13,Jacksonburgh,1,Sao Tome and Principe,2016-04-23T06:28:43Z,1
73.04,37,73687.5,Erinmouth,1,Senegal,2016-06-19T22:26:16Z,0
76.28,33,52686.47,Port Aliciabury,0,Guadeloupe,2016-02-15T07:55:10Z,0
68.88,37,78119.5,Port Whitneyhaven,0,Belgium,2016-02-09T19:37:52Z,0
73.1,28,57014.84,Jeffreyshire,0,Israel,2016-01-25T07:52:53Z,0
47.66,29,27086.4,Tinaton,0,Honduras,2016-07-18T11:33:31Z,1
87.3,35,58337.18,North Loriburgh,0,Estonia,2016-01-09T07:28:16Z,0
89.34,32,50216.01,Wendyton,1,Paraguay,2016-03-21T21:15:54Z,0
81.37,26,53049.44,Lake Jacqueline,1,Kyrgyz Republic,2016-02-15T12:25:28Z,0
81.67,28,62927.96,North Christopher,1,Mauritania,2016-03-04T08:48:29Z,0
46.37,52,32847.53,Alexanderfurt,0,French Guiana,2016-01-05T00:02:53Z,1
54.88,24,32006.82,West Pamela,0,Northern Mariana Islands,2016-05-15T01:03:06Z,1
40.67,35,48913.07,West Amanda,0,Lebanon,2016-05-05T09:28:36Z,1
71.76,35,69285.69,South Tomside,0,Saint Pierre and Miquelon,2016-05-26T13:18:30Z,0
47.51,51,53700.57,Bethburgh,1,American Samoa,2016-05-21T01:36:16Z,1
75.15,22,52011,Jamiefort,1,Austria,2016-05-04T12:06:18Z,0
56.01,26,46339.25,Garciamouth,0,Tonga,2016-07-05T18:59:45Z,1
82.87,37,67938.77,West Brenda,0,Tonga,2016-06-28T20:13:41Z,0
45.05,42,66348.95,South Kyle,0,French Southern Territories,2016-05-05T11:09:29Z,1
60.53,24,66873.9,Combsstad,0,Serbia,2016-03-25T15:17:39Z,1
50.52,31,72270.88,Lake Allenville,0,New Caledonia,2016-01-23T15:02:13Z,1
84.71,32,61610.05,Greenechester,0,Taiwan,2016-05-29T07:29:27Z,0
55.2,39,76560.59,Jordantown,1,United States of America,2016-05-30T07:36:31Z,1
81.61,33,62667.51,Gravesport,0,Morocco,2016-04-17T15:46:03Z,0
71.55,36,75687.46,South Troy,1,Suriname,2016-07-20T23:08:28Z,0
82.4,36,66744.65,Lake Patrick,1,Macedonia,2016-06-29T03:07:51Z,0
73.95,35,67714.82,Millerland,0,Wallis and Futuna,2016-04-10T14:48:35Z,0
72.07,31,69710.51,Port Jessicamouth,0,Chile,2016-04-16T16:38:35Z,0
80.39,31,66269.49,Paulport,0,Gabon,2016-05-03T08:21:23Z,0
65.8,25,60843.32,Clineshire,1,Gabon,2016-03-18T16:04:59Z,0
69.97,28,55041.6,Cynthiaside,0,Holy See (Vatican City State),2016-05-22T00:01:58Z,0
52.62,50,73863.25,Port Juan,0,Seychelles,2016-02-01T20:30:35Z,1
39.25,39,62378.05,Michellefort,0,Mayotte,2016-01-23T17:39:06Z,1
77.56,38,63336.85,Port Angelamouth,1,Uganda,2016-05-19T03:52:24Z,1
33.52,43,42191.61,Jessicahaven,0,Cambodia,2016-05-09T21:54:38Z,1
79.81,24,56194.56,North Daniel,1,Antigua and Barbuda,2016-05-31T11:44:45Z,1
84.79,33,61771.9,New Juan,0,Cameroon,2016-03-30T19:09:50Z,0
82.7,35,61383.79,Amyfurt,0,Somalia,2016-01-09T15:49:28Z,0
84.88,32,63924.82,Harrishaven,0,Lebanon,2016-04-18T03:41:56Z,0
54.92,54,23975.35,Roberttown,0,Saint Pierre and Miquelon,2016-06-13T13:59:51Z,1
76.56,34,70179.11,Jeremyshire,1,Dominica,2016-04-23T08:15:31Z,0
69.74,49,66524.8,Birdshire,0,Hungary,2016-03-27T16:41:29Z,0
75.55,22,41851.38,New Amanda,0,Taiwan,2016-02-19T07:29:30Z,1
72.19,33,61275.18,Curtisview,1,Saint Lucia,2016-05-19T11:16:59Z,0
84.29,41,60638.38,Jacksonmouth,0,Niue,2016-01-27T20:47:57Z,0
73.89,39,47160.53,North April,0,France,2016-04-20T00:41:53Z,1
75.84,21,48537.18,Hayesmouth,0,Cyprus,2016-02-07T07:41:06Z,0
73.38,25,53058.91,South Corey,1,French Southern Territories,2016-04-21T09:30:35Z,0
80.72,31,68614.98,Juliaport,0,Costa Rica,2016-04-19T05:15:28Z,0
62.06,44,44174.25,Port Paultown,0,Austria,2016-04-12T14:01:08Z,1
51.5,34,67050.16,East Vincentstad,0,Zambia,2016-03-15T11:25:48Z,1
90.97,37,54520.14,Kimberlytown,0,Congo,2016-02-16T18:21:36Z,0
86.78,30,54952.42,New Steve,1,United States of America,2016-02-18T23:08:59Z,0
66.18,35,69476.42,New Johnberg,0,Pitcairn Islands,2016-03-25T08:40:15Z,0
84.33,41,54989.93,Shawstad,0,Belize,2016-03-16T00:28:10Z,0
36.87,36,29398.61,New Rebecca,0,Anguilla,2016-01-28T11:50:40Z,1
34.78,48,42861.42,Jeffreyburgh,1,South Africa,2016-03-24T02:01:55Z,1
76.84,32,65883.39,Faithview,0,Singapore,2016-03-03T22:31:16Z,0
67.05,25,65421.39,Richardsontown,0,Finland,2016-02-26T09:54:33Z,0
41.47,31,60953.93,Port Brookeland,0,Martinique,2016-07-06T15:56:39Z,1
80.71,26,58476.57,East Christopherbury,0,Cameroon,2016-06-24T05:50:22Z,0
80.09,31,66636.84,Port Christinemouth,0,Sweden,2016-05-23T21:00:45Z,0
56.3,49,67430.96,South Meghan,1,New Caledonia,2016-02-03T19:12:51Z,1
79.36,34,57260.41,Hessstad,1,Bosnia and Herzegovina,2016-04-28T22:54:37Z,0
86.38,40,66359.32,Rhondaborough,1,Singapore,2016-03-19T14:57:00Z,0
38.94,41,57587,Lewismouth,1,Falkland Islands (Malvinas),2016-07-15T09:08:42Z,1
87.26,35,63060.55,New Paul,0,Bosnia and Herzegovina,2016-05-12T04:35:59Z,0
75.32,28,59998.5,Lake Angela,1,Mauritius,2016-01-01T21:58:55Z,0
74.38,40,74024.61,East Graceland,1,Indonesia,2016-03-13T13:50:25Z,0
65.9,22,60550.66,Hartport,0,Czech Republic,2016-07-16T14:13:54Z,0
36.31,47,57983.3,East Yvonnechester,0,Eritrea,2016-04-18T00:49:33Z,1
72.23,48,52736.33,Burgessside,0,Mexico,2016-07-17T01:13:56Z,1
88.12,38,46653.75,Hurleyborough,0,Gibraltar,2016-02-17T07:05:57Z,0
83.97,28,56986.73,Garychester,1,Haiti,2016-06-16T02:33:22Z,0
61.09,26,55336.18,East Kevinbury,1,Falkland Islands (Malvinas),2016-04-09T16:31:15Z,1
65.77,21,42162.9,Contrerasshire,1,Eritrea,2016-03-18T17:35:40Z,0
81.58,25,39699.13,Erikville,0,Hong Kong,2016-05-11T22:02:17Z,0
37.87,52,56394.82,Robertsonburgh,1,Gambia,2016-05-25T20:10:02Z,1
76.2,37,75044.35,Karenton,0,Barbados,2016-02-29T19:26:35Z,0
60.91,19,53309.61,Port Kathleenfort,0,Nauru,2016-06-09T14:24:06Z,1
74.49,28,58996.12,Lake Adrian,0,Peru,2016-01-30T16:15:29Z,0
73.71,23,56605.12,New Sheila,1,El Salvador,2016-02-15T05:35:54Z,0
78.19,30,62475.99,Mollyport,0,Libyan Arab Jamahiriya,2016-01-31T06:14:10Z,0
79.54,44,70492.6,Sandraland,1,Cambodia,2016-01-05T16:34:31Z,0
74.87,52,43698.53,Charlenetown,0,Saint Barthelemy,2016-05-31T02:17:18Z,1
87.09,36,57737.51,Luischester,1,Reunion,2016-04-21T16:10:50Z,0
37.45,47,31281.01,South Johnnymouth,0,Antigua and Barbuda,2016-04-10T03:30:16Z,1
49.84,39,45800.48,Hannaport,0,Samoa,2016-02-09T07:21:25Z,1
51.38,59,42362.49,East Anthony,0,Afghanistan,2016-06-17T17:11:16Z,1
83.4,34,66691.23,West Daleborough,0,Azerbaijan,2016-05-22T21:54:23Z,0
38.91,33,56369.74,Morrismouth,1,Philippines,2016-07-13T07:41:42Z,1
62.14,41,59397.89,North Andrewstad,1,Angola,2016-01-23T18:59:21Z,1
79.72,28,66025.11,Wrightburgh,1,Albania,2016-05-20T12:17:59Z,0
73.3,36,68211.35,West Tanya,1,Hungary,2016-01-30T04:38:41Z,1
69.11,42,73608.99,Novaktown,1,Faroe Islands,2016-04-21T12:34:28Z,0
71.9,54,61228.96,Timothymouth,1,Czech Republic,2016-04-22T20:32:17Z,1
72.45,29,72325.91,Robertmouth,1,Svalbard & Jan Mayen Islands,2016-01-11T06:02:27Z,0
77.07,40,44559.43,Stephenborough,0,Afghanistan,2016-03-01T10:01:35Z,0
74.62,36,73207.15,Lake Kurtmouth,0,Rwanda,2016-04-04T08:19:54Z,0
82.07,25,46722.07,Lauraburgh,1,Panama,2016-06-20T06:30:06Z,0
58.6,50,45400.5,Rogerburgh,0,Samoa,2016-01-28T07:10:29Z,1
36.08,45,41417.27,Davidside,1,United States Minor Outlying Islands,2016-07-03T04:11:40Z,1
79.44,26,60845.55,West Thomas,0,Greece,2016-05-15T13:18:34Z,0
41.73,47,60812.77,Andersonchester,0,Cote d'Ivoire,2016-04-08T22:48:25Z,1
73.19,25,64267.88,North Ronaldshire,1,Pakistan,2016-01-19T12:18:13Z,0
77.6,24,58151.87,Greghaven,1,Anguilla,2016-05-26T15:40:26Z,0
89,37,52079.18,Jordanmouth,1,Cyprus,2016-01-26T15:56:55Z,0
69.2,42,26023.99,Meyersstad,0,Peru,2016-06-17T09:58:46Z,1
67.56,31,62318.38,Michelleside,0,Kenya,2016-04-25T21:15:39Z,1
81.11,39,56216.57,South Robert,1,Chad,2016-07-13T11:41:29Z,0
80.22,30,61806.31,New Tyler,0,Kyrgyz Republic,2016-07-05T15:14:10Z,0
43.63,41,51662.24,Jordanshire,1,Albania,2016-03-15T14:06:17Z,1
77.66,29,67080.94,Reyesland,0,Gabon,2016-06-19T22:08:15Z,0
74.63,26,51975.41,New Traceystad,1,Dominican Republic,2016-07-05T20:16:13Z,0
49.67,27,28019.09,Port Brian,0,Zimbabwe,2016-05-09T08:44:55Z,1
80.59,37,67744.56,Lake Courtney,0,Croatia,2016-07-21T23:14:35Z,0
83.49,33,66574,Samuelborough,1,Cambodia,2016-06-03T17:32:47Z,0
44.46,42,30487.48,Christinehaven,1,Mongolia,2016-01-15T19:40:47Z,1
68.1,40,74903.41,Thomasstad,1,Honduras,2016-02-05T16:50:58Z,0
63.88,38,19991.72,Kristintown,0,Madagascar,2016-02-29T23:56:06Z,1
78.83,36,66050.63,New Wanda,1,Qatar,2016-05-08T12:08:26Z,0
79.97,44,70449.04,Mariebury,0,China,2016-07-13T01:48:46Z,0
80.51,28,64008.55,Christopherville,1,Bangladesh,2016-01-08T02:34:06Z,0
62.26,26,70203.74,New Jasmine,0,Swaziland,2016-06-08T12:25:49Z,0
66.99,47,27262.51,Lopezberg,1,Tanzania,2016-06-15T11:56:41Z,1
71.05,20,49544.41,Jenniferstad,1,Eritrea,2016-06-13T22:41:45Z,0
42.05,51,28357.27,West Eduardotown,1,Canada,2016-06-20T14:20:52Z,1
50.52,28,66929.03,Davisfurt,0,Saint Kitts and Nevis,2016-04-03T06:17:22Z,1
76.24,40,75524.78,Bakerhaven,1,Burkina Faso,2016-05-31T23:42:26Z,0
77.29,27,66265.34,Paulshire,1,Tuvalu,2016-02-15T03:43:55Z,0
35.98,47,55993.68,West Jane,1,El Salvador,2016-03-10T23:26:54Z,1
84.95,34,56379.3,Lake Brian,0,Madagascar,2016-02-26T17:01:01Z,0
39.34,43,31215.88,Alvaradoport,0,Bangladesh,2016-04-17T21:39:11Z,1
87.23,29,51015.11,Lake Kevin,0,American Samoa,2016-03-26T19:54:16Z,0
57.24,52,46473.14,Richardsonland,1,Latvia,2016-06-29T21:39:42Z,1
81.58,41,55479.62,East Sheriville,0,Moldova,2016-01-27T17:55:44Z,0
56.34,50,68713.7,Port Michealburgh,1,Anguilla,2016-03-17T23:39:28Z,1
48.73,27,34191.23,Monicaview,0,Bangladesh,2016-07-09T16:23:33Z,1
51.68,49,51067.54,Katieport,0,Faroe Islands,2016-06-28T12:51:02Z,1
35.34,45,46693.76,East Brittanyville,0,Taiwan,2016-06-18T16:32:58Z,1
48.09,33,19345.36,West Travismouth,0,Heard Island and McDonald Islands,2016-05-28T12:38:37Z,1
78.68,29,66225.72,Leonchester,0,Israel,2016-01-16T16:40:30Z,0
68.82,20,38609.2,Ramirezland,1,Bolivia,2016-07-11T15:45:23Z,0
56.99,40,37713.23,Brownton,0,Bahamas,2016-07-16T23:08:54Z,1
86.63,39,63764.28,New Jessicaport,1,Costa Rica,2016-04-06T21:20:07Z,0
41.18,43,41866.55,New Denisebury,1,Myanmar,2016-07-05T00:54:11Z,1
71.03,32,57846.68,Keithtown,0,Netherlands Antilles,2016-02-17T23:47:00Z,1
72.92,29,69428.73,Port Melissastad,1,Czech Republic,2016-03-15T17:33:15Z,0
77.14,24,60283.98,Janiceview,1,Iceland,2016-01-21T18:51:01Z,0
60.7,43,79332.33,Mataberg,1,Palau,2016-06-06T22:41:24Z,0
34.3,41,53167.68,West Melaniefurt,1,Libyan Arab Jamahiriya,2016-05-16T14:50:22Z,1
83.71,45,64564.07,Millerfort,1,Kazakhstan,2016-04-17T19:10:56Z,0
53.38,35,60803.37,Alexanderview,1,French Guiana,2016-03-30T01:05:34Z,1
58.03,31,28387.42,South Jade,0,Tuvalu,2016-06-29T09:04:31Z,1
43.59,36,58849.77,Lake Susan,1,Congo,2016-05-26T13:43:05Z,1
60.07,42,65963.37,South Vincentchester,1,United Kingdom,2016-04-15T10:16:49Z,1
54.43,37,75180.2,Williamsmouth,1,Luxembourg,2016-05-31T09:06:29Z,1
81.99,33,61270.14,Taylorport,0,French Polynesia,2016-02-15T14:13:47Z,0
60.53,29,56759.48,Williamsport,0,Papua New Guinea,2016-05-09T10:21:48Z,1
84.69,31,46160.63,Emilyfurt,1,Maldives,2016-07-07T23:32:38Z,0
88.72,32,43870.51,East John,1,Zambia,2016-01-03T17:10:05Z,0
88.89,35,50439.49,East Deborahhaven,1,Cook Islands,2016-07-17T18:55:38Z,0
69.58,43,28028.74,Port Katelynview,0,Congo,2016-04-04T18:36:59Z,1
85.23,36,64238.71,Paulhaven,1,Senegal,2016-02-27T12:34:19Z,0
83.55,39,65816.38,Elizabethmouth,1,Myanmar,2016-06-08T20:13:27Z,0
56.66,42,72684.44,Lake Jesus,0,Dominican Republic,2016-02-20T10:52:51Z,1
56.39,27,38817.4,North Tylerland,1,Bahrain,2016-03-23T21:06:51Z,0
76.24,27,63976.44,Munozberg,0,Puerto Rico,2016-06-07T01:29:06Z,0
57.64,36,37212.54,North Maryland,1,Chile,2016-01-18T15:18:01Z,1
78.18,23,52691.79,West Barbara,0,Bolivia,2016-06-09T19:32:27Z,0
46.04,32,65499.93,Andrewborough,0,Serbia,2016-05-30T20:07:59Z,1
79.4,35,63966.72,New Gabriel,0,Malaysia,2016-04-01T09:21:14Z,0
36.44,39,52400.88,Port Patrickton,1,Estonia,2016-05-31T06:21:02Z,1
53.14,38,49111.47,West Julia,1,Greenland,2016-07-03T22:13:19Z,1
32.84,40,41232.89,New Keithburgh,0,Trinidad and Tobago,2016-03-10T01:36:19Z,1
73.72,32,52140.04,Richardsland,1,Thailand,2016-03-18T02:39:26Z,0
38.1,34,60641.09,North Aaronchester,1,Philippines,2016-05-30T18:08:19Z,1
73.93,44,74180.05,Lake Matthewland,0,Niue,2016-02-20T00:06:20Z,0
51.87,50,51869.87,Kevinberg,0,Afghanistan,2016-03-10T22:28:52Z,1
77.69,22,48852.58,Morganfort,1,Angola,2016-06-21T14:32:32Z,0
43.41,28,59144.02,Lovemouth,0,Egypt,2016-02-05T15:26:37Z,1
55.92,24,33951.63,Taylorhaven,0,Fiji,2016-05-31T21:41:46Z,1
80.67,34,58909.36,Jamesville,0,Portugal,2016-01-01T02:52:10Z,0
83.42,25,49850.52,East Toddfort,1,Austria,2016-03-04T14:10:12Z,0
82.12,52,28679.93,East Dana,1,Germany,2016-02-03T10:40:27Z,1
66.17,33,69869.66,West Lucas,0,Panama,2016-01-20T00:26:15Z,0
43.01,35,48347.64,Butlerfort,0,United States of America,2016-06-11T09:37:52Z,1
80.05,25,45959.86,Lindaside,1,Christmas Island,2016-03-08T05:48:20Z,0
64.88,42,70005.51,West Chloeborough,1,Equatorial Guinea,2016-02-14T22:23:30Z,1
79.82,26,51512.66,Jayville,1,Micronesia,2016-07-17T22:04:54Z,0
48.03,40,25598.75,East Lindsey,1,Malta,2016-06-02T22:16:08Z,1
32.99,45,49282.87,Masseyshire,0,Ecuador,2016-04-30T19:42:04Z,1
74.88,27,67240.25,Sarahton,1,Sudan,2016-04-17T06:58:18Z,0
36.49,52,42136.33,Ryanhaven,1,Lao People's Democratic Republic,2016-03-09T00:41:46Z,1
88.04,45,62589.84,Lake Deborahburgh,1,Saint Vincent and the Grenadines,2016-03-07T20:02:51Z,0
45.7,33,67384.31,New Williammouth,1,Switzerland,2016-05-26T10:33:00Z,1
82.38,35,25603.93,Port Blake,0,Spain,2016-07-18T01:36:37Z,1
52.68,23,39616,West Richard,1,Turks and Caicos Islands,2016-07-16T05:56:42Z,1
65.59,47,28265.81,Brandymouth,0,Indonesia,2016-03-22T06:41:38Z,1
65.65,25,63879.72,Sandraville,1,Cook Islands,2016-06-03T06:34:44Z,0
43.84,36,70592.81,Port Jessica,0,Australia,2016-06-28T09:19:06Z,1
67.69,37,76408.19,Lake Jasonchester,0,Finland,2016-07-18T18:33:05Z,0
78.37,24,55015.08,Pearsonfort,0,Pakistan,2016-01-23T04:47:37Z,0
81.46,29,51636.12,Sellerstown,0,Ireland,2016-02-29T11:00:06Z,0
47.48,31,29359.2,Yuton,0,Eritrea,2016-06-30T00:19:33Z,1
75.15,33,71296.67,Smithtown,1,France,2016-06-19T18:19:38Z,0
78.76,24,46422.76,Joanntown,1,Austria,2016-01-08T08:08:47Z,0
44.96,50,52802,South Peter,1,Heard Island and McDonald Islands,2016-01-02T12:25:36Z,1
39.56,41,59243.46,Port Mitchell,1,Western Sahara,2016-05-13T11:57:12Z,1
39.76,28,35350.55,Pottermouth,1,Liberia,2016-02-08T14:02:22Z,1
57.11,22,59677.64,Lake Jonathanview,1,Dominican Republic,2016-06-07T23:46:51Z,0
83.26,40,70225.6,Alanview,1,Tonga,2016-01-02T14:36:03Z,0
69.42,25,65791.17,Carterport,0,Lao People's Democratic Republic,2016-02-13T04:16:08Z,0
50.6,30,34191.13,New Daniellefort,1,United States of America,2016-05-03T12:57:19Z,1
46.2,37,51315.38,Welchshire,0,Belgium,2016-04-03T11:38:36Z,1
66.88,35,62790.96,Russellville,1,Indonesia,2016-03-23T19:58:15Z,1
83.97,40,66291.67,West Lisa,1,Croatia,2016-02-02T11:49:18Z,0
76.56,30,68030.18,Greentown,0,Brunei Darussalam,2016-03-08T10:39:16Z,0
35.49,48,43974.49,Timothyport,0,American Samoa,2016-04-08T14:35:44Z,1
80.29,31,49457.48,Teresahaven,1,Netherlands Antilles,2016-06-30T00:40:31Z,0
50.19,40,33987.27,Lake Stephenborough,0,Thailand,2016-03-25T19:02:35Z,1
59.12,33,28210.03,Silvaton,0,Greece,2016-05-12T21:32:06Z,1
59.88,30,75535.14,West Michaelstad,1,French Polynesia,2016-03-02T05:11:01Z,0
59.7,28,49158.5,Florestown,0,Guernsey,2016-05-10T14:12:31Z,1
67.8,30,39809.69,New Jay,1,Isle of Man,2016-03-03T02:59:37Z,1
81.59,35,65826.53,North Lisachester,0,Holy See (Vatican City State),2016-07-04T11:03:49Z,0
81.1,29,61172.07,Port Stacy,1,El Salvador,2016-07-08T03:47:41Z,0
41.7,39,42898.21,Jensenton,0,China,2016-05-27T05:35:27Z,1
73.94,27,68333.01,North Alexandra,0,Myanmar,2016-02-10T13:46:35Z,0
58.35,37,70232.95,Rivasland,0,Macao,2016-06-12T21:21:53Z,1
51.56,46,63102.19,Helenborough,0,Australia,2016-01-07T13:58:51Z,1
79.81,37,51847.26,Garnerberg,0,United States Virgin Islands,2016-05-13T14:12:39Z,0
66.17,26,63580.22,North Anaport,0,Mexico,2016-05-02T00:01:56Z,0
58.21,37,47575.44,Pattymouth,0,Djibouti,2016-02-07T17:06:35Z,1
66.12,49,39031.89,South Alexisborough,0,Cote d'Ivoire,2016-02-15T07:27:41Z,1
80.47,42,70505.06,East Jennifer,1,Mali,2016-02-21T05:23:28Z,0
77.05,31,62161.26,Hallfort,0,Jamaica,2016-03-20T22:27:25Z,0
49.99,41,61068.26,New Charleschester,0,Romania,2016-03-24T09:34:00Z,1
80.3,58,49090.51,East Breannafurt,0,Cayman Islands,2016-04-04T20:01:12Z,1
79.36,33,62330.75,East Susanland,1,Gambia,2016-01-02T04:50:44Z,0
57.86,30,18819.34,Estesfurt,0,Algeria,2016-07-08T17:14:01Z,1
70.29,26,62053.37,Shirleyfort,1,Puerto Rico,2016-03-28T19:48:37Z,0
84.53,33,61922.06,Douglasview,1,Norfolk Island,2016-07-11T09:32:53Z,0
59.13,44,49525.37,South Lisa,1,Turkey,2016-06-09T17:11:02Z,1
81.51,41,53412.32,Kingshire,0,Guinea,2016-05-19T09:30:12Z,0
42.94,37,56681.65,Rebeccamouth,1,Moldova,2016-04-12T12:35:39Z,1
84.81,32,43299.63,Brownbury,1,Greece,2016-07-04T23:17:47Z,0
82.79,34,47997.75,South Aaron,0,American Samoa,2016-02-01T00:52:29Z,1
59.22,55,39131.53,North Andrew,1,Honduras,2016-01-13T02:39:00Z,1
35,40,46033.73,South Walter,1,Mongolia,2016-06-18T16:02:34Z,1
46.61,42,65856.74,Catherinefort,0,Ethiopia,2016-01-01T20:17:49Z,1
63.26,29,54787.37,East Donna,1,Ethiopia,2016-03-02T04:02:45Z,1
79.16,32,69562.46,East Timothy,1,Sri Lanka,2016-03-30T20:23:48Z,0
67.94,43,68447.17,North Kimberly,0,Morocco,2016-05-01T00:23:13Z,1
79.91,32,62772.42,South Stephanieport,1,United Arab Emirates,2016-06-17T03:02:55Z,0
66.14,41,78092.95,North Isabellaville,0,Western Sahara,2016-03-23T08:52:31Z,0
43.65,39,63649.04,North Aaronburgh,0,Western Sahara,2016-05-08T22:24:27Z,1
59.61,21,60637.62,Port James,1,Cambodia,2016-04-06T05:55:43Z,0
46.61,52,27241.11,Danielview,0,New Zealand,2016-04-05T05:54:15Z,1
89.37,34,42760.22,Port Stacey,1,Australia,2016-04-16T12:26:31Z,0
65.1,49,59457.52,West Kevinfurt,1,Bulgaria,2016-06-01T03:44:42Z,1
53.44,42,42907.89,Lake Jennifer,1,Libyan Arab Jamahiriya,2016-04-04T22:00:15Z,1
79.53,51,46132.18,Reyesfurt,0,Barbados,2016-06-26T04:22:26Z,0
91.43,39,46964.11,West Carmenfurt,1,French Polynesia,2016-07-07T03:55:01Z,0
73.57,30,70377.23,North Stephanieberg,0,Uruguay,2016-03-20T08:22:50Z,0
78.76,32,70012.83,East Valerie,1,Uruguay,2016-04-20T10:04:29Z,0
76.49,23,56457.01,Sherrishire,0,Brazil,2016-03-25T05:05:27Z,0
61.72,26,67279.06,Port Daniel,0,Venezuela,2016-02-14T07:15:37Z,0
84.53,35,54773.99,Brownview,0,Myanmar,2016-03-26T00:32:02Z,0
72.03,34,70783.94,Greerton,1,Malta,2016-07-05T22:33:48Z,0
77.47,36,70510.59,Hatfieldshire,1,Jamaica,2016-03-14T03:29:12Z,0
75.65,39,64021.55,Brianabury,1,Bahrain,2016-05-30T02:34:25Z,0
78.15,33,72042.85,New Maria,0,Algeria,2016-03-07T22:32:15Z,0
63.8,38,36037.33,Colebury,1,Tuvalu,2016-03-19T00:27:58Z,1
76.59,29,67526.92,Calebberg,0,Georgia,2016-06-18T05:17:33Z,0
42.6,55,55121.65,Lake Ian,0,Cambodia,2016-07-11T18:12:43Z,1
78.77,28,63497.62,Gomezport,0,Guam,2016-01-01T08:27:06Z,0
83.4,39,60879.48,Shaneland,0,Tanzania,2016-04-07T01:57:38Z,0
79.53,33,61467.33,East Aaron,0,Indonesia,2016-02-28T22:02:14Z,0
73.89,35,70495.64,Dustinborough,1,Somalia,2016-06-26T17:25:55Z,0
75.8,36,71222.4,East Michaelland,0,Belize,2016-01-21T04:30:43Z,0
81.95,31,64698.58,East Connie,1,Serbia,2016-05-01T21:46:37Z,0
56.39,58,32252.38,West Shannon,0,Australia,2016-02-14T10:06:49Z,1
44.73,35,55316.97,North Lauraland,1,Guam,2016-01-27T18:25:42Z,1
38.35,33,47447.89,Port Christopher,1,Christmas Island,2016-06-16T20:24:33Z,1
72.53,37,73474.82,South Patrickfort,0,Papua New Guinea,2016-07-21T10:01:50Z,0
56.2,49,53549.94,East Georgeside,1,Bahamas,2016-04-21T18:31:27Z,1
79.67,28,58576.12,Charlesbury,0,Comoros,2016-07-20T01:56:33Z,0
75.42,26,63373.7,Millertown,1,Western Sahara,2016-02-26T17:14:14Z,0
78.64,31,60283.47,South Renee,1,Nicaragua,2016-01-16T17:56:05Z,0
67.69,44,37345.34,South Jackieberg,0,Guam,2016-04-01T01:57:12Z,1
38.35,41,34886.01,Loriville,1,Vanuatu,2016-06-24T08:42:20Z,1
59.52,44,67511.86,Amandaland,1,Bolivia,2016-05-27T18:45:35Z,0
62.26,37,77988.71,West Robertside,0,Malawi,2016-05-26T15:40:12Z,0
64.75,36,63001.03,North Sarashire,0,Venezuela,2016-04-06T01:19:08Z,1
79.97,26,61747.98,Port Maria,1,Nepal,2016-01-08T19:38:45Z,0
47.9,42,48467.68,East Jessefort,0,United Kingdom,2016-02-24T19:08:11Z,1
80.38,30,55130.96,Port Anthony,0,Albania,2016-03-10T07:07:31Z,0
64.51,42,79484.8,Edwardmouth,1,Madagascar,2016-04-29T07:49:01Z,0
71.28,37,67307.43,Dustinchester,1,Guyana,2016-04-10T16:08:09Z,0
50.32,40,27964.6,Rochabury,0,Yemen,2016-04-27T18:25:30Z,1
72.76,33,66431.87,Williamsport,1,India,2016-05-10T04:28:55Z,0
72.8,35,63551.67,Austinland,0,Puerto Rico,2016-01-03T23:21:26Z,0
74.59,23,40135.06,Lake Gerald,1,United States Virgin Islands,2016-02-15T16:52:04Z,1
46.66,45,49101.67,Wrightview,0,Antigua and Barbuda,2016-03-09T02:07:17Z,1
48.86,54,53188.69,Perryburgh,0,French Guiana,2016-01-09T17:33:03Z,1
37.05,39,49742.83,Tracyhaven,1,Antigua and Barbuda,2016-02-03T05:47:09Z,1
81.21,36,63394.41,South Jaimeview,0,Turkmenistan,2016-01-02T09:30:11Z,0
66.89,23,64433.99,Sandersland,1,Honduras,2016-01-04T07:28:43Z,0
68.11,38,73884.48,South Meredithmouth,0,Seychelles,2016-01-07T21:21:50Z,0
69.15,46,36424.94,Richardsonshire,0,Cyprus,2016-07-24T00:22:16Z,1
65.72,36,28275.48,Kimberlymouth,0,Saint Pierre and Miquelon,2016-02-13T13:57:53Z,1
40.04,27,48098.86,Meghanchester,0,Poland,2016-05-08T10:25:08Z,1
68.6,33,68448.94,Tammyshire,0,Taiwan,2016-02-17T18:50:57Z,1
56.16,25,66429.84,Millerbury,1,Cote d'Ivoire,2016-01-22T19:43:53Z,1
78.6,46,41768.13,Lake Elizabethside,1,Micronesia,2016-07-20T13:21:37Z,0
78.29,38,57844.96,Villanuevaton,0,Liberia,2016-01-05T20:58:42Z,0
43.83,45,35684.82,Greerport,0,Saudi Arabia,2016-01-29T05:39:16Z,1
77.31,32,62792.43,North Garyhaven,0,Nepal,2016-06-17T20:18:27Z,0
39.86,28,51171.23,East Sharon,0,Ghana,2016-02-23T13:55:48Z,1
66.77,25,58847.07,Johnstonmouth,0,Iran,2016-07-09T11:18:02Z,1
57.2,42,57739.03,East Heatherside,0,New Zealand,2016-03-19T11:09:36Z,1
73.15,25,64631.22,Lake Patrick,1,Libyan Arab Jamahiriya,2016-01-29T07:14:04Z,0
82.07,24,50337.93,Richardsonmouth,0,Sri Lanka,2016-06-14T07:02:09Z,0
49.84,38,67781.31,Jenniferhaven,1,United Arab Emirates,2016-05-18T03:19:03Z,1
43.97,36,68863.95,Boyerberg,1,Indonesia,2016-01-30T09:54:03Z,1
77.25,27,55901.12,Port Elijah,1,Saint Vincent and the Grenadines,2016-04-25T16:58:50Z,0
74.84,37,64775.1,Knappburgh,1,Mongolia,2016-01-14T16:30:38Z,0
83.53,36,67686.16,New Dawnland,0,Honduras,2016-07-06T05:34:52Z,0
38.63,48,57777.11,Chapmanmouth,0,Papua New Guinea,2016-04-07T10:51:05Z,1
84,48,46868.53,Robertside,1,Kyrgyz Republic,2016-04-17T05:08:52Z,1
52.13,50,40926.93,West Raymondmouth,1,Ethiopia,2016-01-28T17:03:54Z,1
71.83,40,22205.74,Costaburgh,1,Rwanda,2016-02-18T22:42:33Z,1
78.36,24,58920.44,Kristineberg,1,Kyrgyz Republic,2016-06-24T21:09:58Z,0
50.18,35,63006.14,Sandrashire,1,Grenada,2016-06-20T04:24:41Z,1
64.67,51,24316.61,Andersonfurt,1,Togo,2016-02-14T16:33:29Z,1
69.5,26,68348.99,Tranland,0,Pakistan,2016-02-27T13:51:44Z,0
65.22,30,66263.37,Michaelland,1,Falkland Islands (Malvinas),2016-05-07T15:16:07Z,0
62.06,40,63493.6,East Rachaelfurt,1,Jersey,2016-03-16T20:10:53Z,1
84.29,30,56984.09,Lake Johnbury,1,Cayman Islands,2016-06-26T02:06:59Z,1
32.91,37,51691.55,Elizabethstad,0,South Africa,2016-07-17T14:26:04Z,1
39.5,31,49911.25,West Brad,1,Micronesia,2016-01-28T16:42:36Z,1
75.19,31,33502.57,Johnstonshire,1,Tajikistan,2016-06-16T18:04:51Z,0
76.21,31,65834.97,Lake Timothy,1,Bolivia,2016-06-19T23:21:38Z,0
67.76,31,66176.97,Anthonyfurt,0,Cameroon,2016-05-24T17:42:58Z,0
40.01,53,51463.17,East Brettton,0,Ecuador,2016-03-01T22:06:37Z,1
52.7,41,41059.64,New Matthew,1,Zambia,2016-01-31T08:50:38Z,1
68.41,38,61428.18,Christopherchester,0,Guinea-Bissau,2016-04-30T15:27:22Z,0
35.55,39,51593.46,Westshire,0,Micronesia,2016-01-13T20:38:35Z,1
74.54,24,57518.73,Alexisland,0,Bahamas,2016-03-30T16:15:59Z,0
81.75,24,52656.13,Kevinchester,1,Cape Verde,2016-04-29T18:53:43Z,0
87.85,31,52178.98,New Patriciashire,1,French Polynesia,2016-06-14T19:48:34Z,0
60.23,60,46239.14,Port Brenda,1,Saudi Arabia,2016-07-15T15:43:36Z,1
87.97,35,48918.55,Port Brianfort,1,France,2016-03-24T05:38:01Z,0
78.17,27,65227.79,Portermouth,1,Burundi,2016-04-26T20:57:48Z,0
67.91,23,55002.05,Hubbardmouth,1,Latvia,2016-01-12T03:28:31Z,1
85.77,27,52261.73,South Brian,1,Morocco,2016-04-09T23:26:42Z,0
41.16,49,59448.44,Hendrixmouth,1,Venezuela,2016-03-28T09:15:58Z,1
53.54,39,47314.45,Julietown,0,Palau,2016-06-23T11:05:01Z,1
73.94,26,55411.06,Lukeport,1,Isle of Man,2016-01-24T01:53:14Z,0
63.43,29,66504.16,New Shane,1,Peru,2016-04-15T10:18:55Z,0
84.59,36,47169.14,Lake Jillville,1,Belgium,2016-04-26T13:13:20Z,0
70.13,31,70889.68,Johnsonfort,0,Croatia,2016-05-16T23:21:06Z,0
40.19,37,55358.88,Adamsbury,0,France,2016-01-18T02:51:13Z,1
58.95,55,56242.7,East Maureen,1,Slovenia,2016-06-20T08:34:46Z,1
35.76,51,45522.44,North Angelastad,0,Peru,2016-07-18T04:53:22Z,1
59.36,49,46931.03,Amandafort,0,Belarus,2016-07-01T01:12:04Z,1
91.1,40,55499.69,Michaelmouth,1,Bolivia,2016-03-07T22:51:00Z,0
61.04,41,75805.12,Ronaldport,0,Benin,2016-05-02T15:31:28Z,1
74.06,23,40345.49,Port Davidland,0,Wallis and Futuna,2016-07-23T06:18:51Z,0
64.63,45,15598.29,Isaacborough,1,Azerbaijan,2016-06-12T03:11:04Z,1
81.29,28,33239.2,Lake Michael,0,Mongolia,2016-02-15T20:41:05Z,0
76.07,36,68033.54,West Michaelshire,0,Denmark,2016-01-23T01:42:28Z,0
75.92,22,38427.66,Port Calvintown,0,Russian Federation,2016-02-26T01:18:44Z,0
78.35,46,53185.34,Parkerhaven,0,Brazil,2016-01-11T02:07:14Z,0
46.14,28,39723.97,Markhaven,1,Ethiopia,2016-04-04T13:56:14Z,1
44.33,41,43386.07,Estradashire,0,Guyana,2016-01-14T09:27:59Z,1
46.43,28,53922.43,Brianland,1,Ethiopia,2016-04-25T03:18:45Z,1
66.04,27,71881.84,Cassandratown,0,Mauritius,2016-03-05T23:02:11Z,0
84.31,29,47139.21,West Dannyberg,0,Djibouti,2016-01-06T21:43:22Z,0
83.66,38,68877.02,East Debraborough,0,Syrian Arab Republic,2016-02-18T03:58:36Z,0
81.25,33,65186.58,Frankchester,1,Saint Martin,2016-04-16T14:15:55Z,0
85.26,32,55424.24,Lisafort,1,Netherlands Antilles,2016-02-24T06:18:11Z,0
86.53,46,46500.11,Colemanshire,0,Greece,2016-06-29T01:19:21Z,0
76.44,26,58820.16,Troyville,1,Madagascar,2016-01-05T06:34:20Z,0
52.84,43,28495.21,Hobbsbury,0,Senegal,2016-07-16T10:14:04Z,1
85.24,31,61840.26,Harrisonmouth,1,Burkina Faso,2016-06-17T03:23:13Z,0
74.71,46,37908.29,Port Eugeneport,1,Czech Republic,2016-06-13T11:06:40Z,0
82.95,39,69805.7,Karenmouth,0,Lao People's Democratic Republic,2016-04-05T08:18:45Z,0
76.42,26,60315.19,Brendaburgh,1,Netherlands Antilles,2016-04-17T18:38:14Z,0
42.04,49,67323,New Christinatown,0,Qatar,2016-02-03T16:54:33Z,1
46.28,26,50055.33,Jacksonstad,1,Andorra,2016-04-18T21:07:28Z,1
48.26,50,43573.66,South Margaret,1,Liechtenstein,2016-06-18T22:31:22Z,1
71.03,55,28186.65,Port Georgebury,0,China,2016-03-12T07:18:36Z,1
81.37,33,66412.04,New Jessicaport,0,Vietnam,2016-01-15T01:20:05Z,0
58.05,32,15879.1,Sanderstown,1,Tajikistan,2016-02-12T10:39:10Z,1
75,29,63965.16,Perezland,1,Eritrea,2016-02-16T02:29:03Z,0
79.61,31,58342.63,Luisfurt,0,Monaco,2016-04-04T21:23:13Z,0
52.56,31,33147.19,New Karenberg,1,Israel,2016-04-24T01:48:21Z,1
62.18,33,65899.68,West Leahton,0,Hungary,2016-05-20T00:00:48Z,1
77.89,26,64188.5,West Sharon,0,Singapore,2016-05-15T03:10:50Z,0
66.08,61,58966.22,Klineside,1,Cuba,2016-01-07T23:02:43Z,1
89.21,33,44078.24,Lake Cynthia,0,Reunion,2016-07-19T12:05:58Z,0
49.96,55,60968.62,South Cynthiashire,1,Zambia,2016-04-04T00:02:20Z,1
77.44,28,65620.25,Lake Jacob,0,Gabon,2016-06-10T04:21:57Z,0
82.58,38,65496.78,West Samantha,1,Dominica,2016-03-11T14:50:56Z,0
39.36,29,52462.04,Jeremybury,1,Bahamas,2016-01-14T20:58:10Z,1
47.23,38,70582.55,Blevinstown,1,Tokelau,2016-06-22T05:22:58Z,1
87.85,34,51816.27,Meyerchester,0,Turkmenistan,2016-03-19T08:00:58Z,0
65.57,46,23410.75,Reginamouth,0,Belgium,2016-04-15T15:07:17Z,1
78.01,26,62729.4,Donaldshire,1,French Guiana,2016-03-28T02:29:19Z,0
44.15,28,48867.67,Salazarbury,1,Martinique,2016-01-22T15:03:25Z,1
43.57,36,50971.73,Lake Joshuafurt,1,French Polynesia,2016-06-25T17:33:35Z,1
76.83,28,67990.84,Wintersfort,0,Ecuador,2016-03-04T14:33:38Z,0
42.06,34,43241.19,Jamesmouth,0,Puerto Rico,2016-06-29T02:48:44Z,1
76.27,27,60082.66,Laurieside,1,United Arab Emirates,2016-06-18T01:42:37Z,0
74.27,37,65180.97,Andrewmouth,1,Burkina Faso,2016-01-31T09:57:34Z,0
73.27,28,67301.39,West Angela,1,Luxembourg,2016-05-22T15:17:25Z,0
74.58,36,70701.31,East Carlos,0,Jamaica,2016-07-22T11:05:10Z,0
77.5,28,60997.84,Kennedyfurt,1,Antarctica (the territory South of 60 deg S),2016-07-13T14:05:22Z,0
87.16,33,60805.93,Blairville,0,China,2016-02-11T11:50:26Z,0
87.16,37,50711.68,East Donnatown,1,Western Sahara,2016-03-16T20:33:10Z,0
66.26,47,14548.06,Matthewtown,1,Lebanon,2016-04-25T19:31:39Z,1
65.15,29,41335.84,Brandonbury,0,Hong Kong,2016-07-14T22:43:29Z,1
68.25,33,76480.16,New Jamestown,1,Vanuatu,2016-05-30T08:02:35Z,0
73.49,38,67132.46,Mosleyburgh,0,Vanuatu,2016-02-14T11:36:08Z,0
39.19,54,52581.16,Leahside,0,Guatemala,2016-01-23T21:15:57Z,1
80.15,25,55195.61,West Wendyland,0,Greenland,2016-07-18T02:51:19Z,0
86.76,28,48679.54,Lawrenceborough,0,Syrian Arab Republic,2016-02-10T08:21:13Z,0
73.88,29,63109.74,Kennethview,0,Saint Helena,2016-01-04T06:37:15Z,0
58.6,19,44490.09,West Mariafort,1,Lebanon,2016-06-05T21:38:22Z,0
69.77,54,57667.99,Port Sherrystad,0,Malta,2016-06-01T03:17:50Z,1
87.27,30,51824.01,West Melissashire,1,Christmas Island,2016-03-06T06:51:23Z,1
77.65,28,66198.66,Pamelamouth,0,Ukraine,2016-02-26T19:35:54Z,0
76.02,40,73174.19,Lesliefort,0,Malta,2016-07-13T14:30:14Z,0
78.84,26,56593.8,Shawnside,1,Italy,2016-06-29T07:20:46Z,0
71.33,23,31072.44,Josephmouth,0,Japan,2016-03-15T06:54:21Z,1
81.9,41,66773.83,Garciatown,0,Mauritius,2016-06-11T06:47:55Z,0
46.89,48,72553.94,Chaseshire,1,Turkey,2016-07-17T13:22:43Z,1
77.8,57,43708.88,Destinyfurt,0,Namibia,2016-02-14T14:38:01Z,1
45.44,43,48453.55,Mezaton,0,China,2016-05-04T05:01:37Z,1
69.96,31,73413.87,New Kayla,1,Netherlands,2016-05-20T12:17:28Z,0
87.35,35,58114.3,Carsonshire,1,Gibraltar,2016-01-26T02:47:17Z,0
49.42,53,45465.25,Jacquelineshire,1,Congo,2016-07-07T18:07:19Z,1
71.27,21,50147.72,South Blakestad,1,Senegal,2016-01-11T12:46:31Z,0
49.19,38,61004.51,North Mark,0,Hungary,2016-05-12T12:11:12Z,1
39.96,35,53898.89,Kingchester,1,Pitcairn Islands,2016-02-28T23:21:22Z,1
85.01,29,59797.64,Evansfurt,0,Slovakia (Slovak Republic),2016-05-03T16:02:50Z,0
68.95,51,74623.27,South Adamhaven,1,United States Virgin Islands,2016-03-15T20:19:20Z,0
67.59,45,58677.69,Brittanyborough,0,Monaco,2016-07-23T05:21:39Z,1
75.71,34,62109.8,Barbershire,0,Portugal,2016-03-11T10:01:23Z,0
43.07,36,60583.02,East Ericport,1,Turkey,2016-02-11T20:45:46Z,1
39.47,43,65576.05,Crawfordfurt,1,Uganda,2016-07-06T23:09:07Z,1
48.22,40,73882.91,Turnerville,0,Norfolk Island,2016-03-22T19:14:47Z,0
76.76,25,50468.36,Kylieview,1,Niue,2016-05-26T13:28:36Z,0
78.74,27,51409.45,West Zacharyborough,0,Ukraine,2016-06-18T19:10:14Z,0
67.47,24,60514.05,Watsonfort,1,Vanuatu,2016-03-20T07:12:52Z,0
81.17,30,57195.96,Dayton,1,United States Minor Outlying Islands,2016-06-03T07:00:36Z,0
89.66,34,52802.58,Nicholasport,1,Armenia,2016-02-03T15:15:42Z,0
79.6,28,56570.06,Whitneyfort,1,Sweden,2016-05-03T16:55:02Z,0
65.53,19,51049.47,Coffeytown,1,Timor-Leste,2016-06-20T02:25:12Z,0
61.87,35,66629.61,North Johnside,1,French Southern Territories,2016-07-10T19:15:52Z,0
83.16,41,70185.06,Robinsonland,0,Finland,2016-01-04T04:00:35Z,0
44.11,41,43111.41,Lake David,1,Saint Vincent and the Grenadines,2016-04-20T16:49:15Z,1
56.57,26,56435.6,West Ericaport,0,Senegal,2016-01-23T13:14:18Z,1
83.91,29,53223.58,Haleberg,0,Burundi,2016-01-04T22:27:25Z,0
79.8,28,57179.91,West Michaelport,1,Bahamas,2016-04-08T22:40:55Z,0
71.23,52,41521.28,Ericksonmouth,0,Sweden,2016-01-05T11:53:17Z,1
47.23,43,73538.09,Yangside,1,Svalbard & Jan Mayen Islands,2016-03-17T22:24:02Z,1
82.37,30,63664.32,Estradafurt,0,Tonga,2016-06-29T04:23:10Z,0
43.63,38,61757.12,Frankport,1,Korea,2016-05-25T19:45:16Z,1
70.9,28,71727.51,Port Juan,0,Kyrgyz Republic,2016-06-17T23:19:38Z,0
71.9,29,72203.96,Williamsside,1,Costa Rica,2016-04-24T07:20:16Z,0
62.12,37,50671.6,Johnsonview,1,Liechtenstein,2016-03-18T13:00:12Z,1
67.35,29,47510.42,East Heidi,0,Zimbabwe,2016-04-28T21:58:25Z,1
57.99,50,62466.1,New Angelview,0,Costa Rica,2016-02-12T08:46:15Z,1
66.8,29,59683.16,Lake Brandonview,0,Hungary,2016-07-11T13:23:37Z,1
49.13,32,41097.17,Morganport,0,Fiji,2016-01-29T00:45:19Z,1
45.11,58,39799.73,Browntown,0,Netherlands,2016-01-05T16:26:44Z,1
54.35,42,76984.21,Lake Hailey,0,Sweden,2016-06-20T08:22:09Z,0
61.82,59,57877.15,Olsonside,1,Barbados,2016-02-06T17:48:28Z,1
77.75,31,59047.91,Coxhaven,1,Paraguay,2016-06-22T17:19:09Z,0
70.61,28,72154.68,Meaganfort,0,Italy,2016-04-16T05:24:33Z,0
82.72,31,65704.79,North Monicaville,0,Belarus,2016-01-17T05:07:11Z,0
76.87,36,72948.76,Mullenside,0,South Georgia and the South Sandwich Islands,2016-07-08T22:30:10Z,0
65.07,34,73941.91,Princebury,1,Anguilla,2016-03-11T00:05:48Z,0
56.93,37,57887.64,Bradleyside,0,Sierra Leone,2016-06-10T00:35:15Z,1
48.86,35,62463.7,Elizabethbury,1,Saint Martin,2016-01-04T00:44:57Z,1
36.56,29,42838.29,West Ryan,0,Uganda,2016-01-01T15:14:24Z,1
85.73,32,43778.88,New Tammy,1,Saudi Arabia,2016-07-10T17:24:51Z,1
75.81,40,71157.05,Sanchezland,0,Greenland,2016-03-27T19:50:11Z,0
72.94,31,74159.69,Rogerland,0,Venezuela,2016-04-29T13:38:19Z,0
53.63,54,50333.72,Vanessaview,1,Liberia,2016-01-08T18:13:43Z,1
52.35,25,33293.78,Jessicashire,1,Mali,2016-06-05T07:54:30Z,1
52.84,51,38641.2,Melissachester,1,Bosnia and Herzegovina,2016-06-29T10:50:45Z,1
51.58,33,49822.78,Johnsontown,0,Brunei Darussalam,2016-04-24T13:46:10Z,1
42.32,29,63891.29,New Joshuaport,1,South Georgia and the South Sandwich Islands,2016-02-14T04:14:13Z,1
55.04,42,43881.73,Hernandezside,1,Czech Republic,2016-06-15T05:43:02Z,1
68.58,41,13996.5,New Williamville,1,El Salvador,2016-07-06T12:04:29Z,1
85.54,27,48761.14,Gilbertville,1,Tokelau,2016-03-31T13:54:51Z,0
71.14,30,69758.31,Newmanberg,0,France,2016-06-21T00:52:47Z,0
64.38,19,52530.1,West Alice,1,Gabon,2016-05-27T05:23:26Z,0
88.85,40,58363.12,Cannonbury,0,Bulgaria,2016-01-17T18:45:55Z,0
66.79,60,60575.99,Shelbyport,1,Burkina Faso,2016-04-07T20:34:42Z,1
32.6,45,48206.04,New Henry,0,Mayotte,2016-05-02T18:37:01Z,1
43.88,54,31523.09,Dustinmouth,1,Somalia,2016-06-04T17:24:07Z,1
56.46,26,66187.58,South Lisa,0,Albania,2016-04-07T18:52:57Z,1
72.18,30,69438.04,Lisamouth,0,Bolivia,2016-06-10T22:21:10Z,0
52.67,44,14775.5,New Hollyberg,0,Jersey,2016-05-19T06:37:38Z,1
80.55,35,68016.9,Port Brittanyville,0,British Virgin Islands,2016-03-28T23:01:24Z,0
67.85,41,78520.99,East Ronald,1,Saint Helena,2016-01-21T22:51:34Z,1
75.55,36,31998.72,South Davidmouth,1,Bosnia and Herzegovina,2016-03-12T06:05:12Z,1
80.46,29,56909.3,Carterton,0,India,2016-06-04T09:13:29Z,0
82.69,29,61161.29,Rachelhaven,1,Georgia,2016-05-24T10:16:38Z,0
35.21,39,52340.1,New Timothy,1,United States Minor Outlying Islands,2016-03-25T06:36:53Z,1
36.37,40,47338.94,North Jessicaville,1,Kiribati,2016-04-22T00:28:18Z,1
74.07,22,50950.24,Joneston,1,Ghana,2016-03-22T04:13:35Z,0
59.96,33,77143.61,Staceyfort,0,Samoa,2016-01-14T08:27:04Z,1
85.62,29,57032.36,South Dianeshire,0,Iran,2016-04-14T21:37:49Z,0
40.88,33,48554.45,West Shannon,1,Costa Rica,2016-05-31T17:50:15Z,1
36.98,31,39552.49,Micheletown,1,Northern Mariana Islands,2016-03-17T06:25:47Z,1
35.49,47,36884.23,North Brittanyburgh,0,Liechtenstein,2016-04-13T07:07:36Z,1
56.56,26,68783.45,Port Jasmine,1,Grenada,2016-02-03T22:11:13Z,0
36.62,32,51119.93,New Sabrina,1,Poland,2016-02-02T19:59:17Z,1
49.35,49,44304.13,Lake Charlottestad,0,Kenya,2016-04-07T20:38:02Z,1
75.64,29,69718.19,West Rhondamouth,1,Iran,2016-03-15T19:35:19Z,0
79.22,27,63429.18,North Debra,1,Belgium,2016-03-11T12:39:19Z,0
77.05,34,65756.36,Villanuevastad,0,Namibia,2016-05-17T18:06:46Z,0
66.83,46,77871.75,North Jeremyport,1,Cyprus,2016-02-28T23:10:32Z,0
76.2,24,47258.59,Lake Susan,1,Japan,2016-03-02T06:35:08Z,0
56.64,29,55984.89,Lake John,1,Zimbabwe,2016-02-27T08:52:50Z,1
53.33,34,44275.13,Courtneyfort,1,Andorra,2016-03-14T04:34:35Z,1
50.63,50,25767.16,Tammymouth,0,Luxembourg,2016-03-10T15:07:44Z,1
41.84,49,37605.11,Lake Vanessa,0,Cyprus,2016-05-01T08:27:12Z,1
53.92,41,25739.09,Lake Amanda,1,Turkey,2016-06-12T11:17:25Z,1
83.89,28,60188.38,Mariemouth,1,Hong Kong,2016-05-28T12:20:15Z,0
55.32,43,67682.32,Port Douglasborough,0,Netherlands,2016-03-18T09:08:39Z,1
53.22,44,44307.18,Port Aprilville,0,United States Virgin Islands,2016-05-26T06:03:57Z,1
43.16,35,25371.52,Williamsport,1,Marshall Islands,2016-07-06T03:40:17Z,1
67.51,43,23942.61,Lake Faith,0,Western Sahara,2016-04-29T14:10:00Z,1
43.16,29,50666.5,Wendyville,1,Saint Vincent and the Grenadines,2016-03-05T20:53:19Z,1
79.89,30,50356.06,Angelhaven,1,United States of America,2016-05-30T08:35:54Z,0
84.25,32,63936.5,New Sean,1,Angola,2016-04-10T06:32:11Z,0
74.18,28,69874.18,Lake Lisa,0,Cayman Islands,2016-01-20T02:31:36Z,0
85.78,34,50038.65,Valerieland,0,Swaziland,2016-07-20T21:53:42Z,0
80.96,39,67866.95,New Travis,1,Wallis and Futuna,2016-01-17T04:12:30Z,0
36.91,48,54645.2,North Samantha,0,Zimbabwe,2016-02-24T07:13:00Z,1
54.47,23,46780.09,Holderville,0,Chad,2016-03-26T19:37:46Z,1
81.98,34,67432.49,Patrickmouth,0,Saint Martin,2016-06-04T09:25:27Z,0
79.6,39,73392.28,Lake Deannaborough,0,Rwanda,2016-04-22T07:48:33Z,0
57.51,38,47682.28,Jeffreymouth,0,Moldova,2016-03-31T08:53:43Z,1
82.3,31,56735.83,Davieshaven,0,Gabon,2016-04-16T08:36:08Z,0
73.21,30,51013.37,Lake Jessicaville,1,Denmark,2016-05-12T20:57:10Z,1
79.09,32,69481.85,Hernandezchester,1,Svalbard & Jan Mayen Islands,2016-05-07T21:32:51Z,0
68.47,28,67033.34,North Kennethside,0,Poland,2016-06-25T00:33:23Z,0
83.69,36,68717,Shelbyport,0,Fiji,2016-03-23T05:27:35Z,0
83.48,31,59340.99,Williamport,1,Philippines,2016-03-04T13:47:47Z,0
43.49,45,47968.32,Smithside,0,Vietnam,2016-06-14T12:08:10Z,1
66.69,35,48758.92,Vanessastad,0,Jersey,2016-05-11T19:13:42Z,1
48.46,49,61230.03,Lisamouth,1,Indonesia,2016-01-21T23:33:22Z,1
42.51,30,54755.71,Lake Rhondaburgh,1,Palestinian Territory,2016-01-15T19:45:33Z,1
42.83,34,54324.73,Cunninghamhaven,1,Latvia,2016-04-23T09:42:08Z,1
41.46,42,52177.4,Robertstown,1,Malta,2016-05-23T08:06:24Z,1
45.99,33,51163.14,South Mark,1,Afghanistan,2016-02-27T15:04:52Z,1
68.72,27,66861.67,New Taylorburgh,0,Austria,2016-02-23T17:37:46Z,0
63.11,34,63107.88,Port Karenfurt,1,Micronesia,2016-03-17T22:59:46Z,0
49.21,46,49206.4,Carterland,0,Mexico,2016-02-28T03:34:35Z,1
55.77,49,55942.04,East Shawn,1,Chile,2016-03-15T14:33:12Z,1
44.13,40,33601.84,West Derekmouth,1,Cuba,2016-03-03T20:20:32Z,1
57.82,46,48867.36,Brandiland,1,Belarus,2016-04-06T14:16:52Z,1
72.46,40,56683.32,Cervantesshire,0,Malawi,2016-05-01T09:23:25Z,1
61.88,45,38260.89,North Debrashire,0,Afghanistan,2016-05-30T08:02:27Z,1
78.24,23,54106.21,Deannaville,0,Luxembourg,2016-04-04T11:39:51Z,0
74.61,38,71055.22,East Christopher,1,South Africa,2016-04-06T23:10:40Z,0
89.18,37,46403.18,Rickymouth,1,Nepal,2016-04-26T21:45:50Z,0
44.16,42,61690.93,Port Dennis,1,Spain,2016-05-25T00:34:59Z,1
55.74,37,26130.93,Lake Michelle,1,Hong Kong,2016-02-11T16:45:41Z,1
88.82,36,58638.75,East Johnport,0,Slovakia (Slovak Republic),2016-01-30T00:05:37Z,0
70.39,32,47357.39,Sabrinaview,1,Cayman Islands,2016-07-12T10:56:21Z,0
59.05,52,50086.17,Kristinfurt,1,Uganda,2016-04-23T03:46:34Z,1
78.58,33,51772.58,Chapmanland,1,Vanuatu,2016-04-16T10:36:49Z,0
35.11,35,47638.3,North Jonathan,1,Anguilla,2016-03-11T13:07:30Z,1
60.39,45,38987.42,Port Christina,1,Switzerland,2016-03-02T15:39:02Z,1
81.56,26,51363.16,Juanport,1,Zimbabwe,2016-07-13T21:31:14Z,0
75.03,34,35764.49,East Mike,0,Uruguay,2016-05-29T18:12:00Z,1
50.87,24,62939.5,North Angelatown,0,Liberia,2016-05-10T17:13:47Z,1
82.8,30,58776.67,West Steven,1,Egypt,2016-05-07T08:39:47Z,0
78.51,25,59106.12,Riggsstad,1,Greece,2016-01-17T13:27:13Z,0
37.65,51,50457.01,Davidview,1,Bahrain,2016-03-09T06:22:03Z,1
83.17,43,54251.78,Port Kevinborough,1,Sri Lanka,2016-04-05T18:02:49Z,0
91.37,45,51920.49,Lawsonshire,1,Kazakhstan,2016-04-01T07:37:18Z,1
68.25,29,70324.8,Wagnerchester,0,Greenland,2016-02-15T16:18:49Z,0
81.32,25,52416.18,Daisymouth,0,Moldova,2016-03-08T05:12:57Z,0
76.64,39,66217.31,North Daniel,1,Poland,2016-02-09T23:38:30Z,0
74.06,50,60938.73,Port Jacquelinestad,1,Anguilla,2016-06-17T09:38:22Z,0
39.53,33,40243.82,New Teresa,1,Central African Republic,2016-06-01T12:27:17Z,1
86.58,32,60151.77,Henryfort,1,Mexico,2016-02-26T23:44:44Z,0
90.75,40,45945.88,Lake Joseph,0,Togo,2016-03-11T09:58:32Z,0
67.71,25,63430.33,Daviesborough,1,Armenia,2016-04-28T02:55:10Z,0
82.41,36,65882.81,North Brandon,0,Nicaragua,2016-04-12T04:22:42Z,0
45.82,27,64410.8,Adamside,1,Eritrea,2016-02-10T20:43:38Z,1
76.79,27,55677.12,Wademouth,0,Canada,2016-05-01T23:21:53Z,0
70.05,33,75560.65,North Raymond,0,Croatia,2016-03-24T17:48:31Z,0
72.19,32,61067.58,Randolphport,1,Switzerland,2016-04-22T19:45:19Z,0
77.35,34,72330.57,East Troyhaven,0,Yemen,2016-03-09T12:10:08Z,0
40.34,29,32549.95,Clarkborough,0,Tokelau,2016-03-30T05:29:38Z,1
67.39,44,51257.26,Josephberg,0,Armenia,2016-01-24T13:41:38Z,1
68.68,34,77220.42,Lake Jenniferton,1,Equatorial Guinea,2016-07-15T09:42:19Z,0
81.75,43,52520.75,Lake Jose,0,Barbados,2016-06-07T05:41:16Z,0
66.03,22,59422.47,Ashleymouth,0,American Samoa,2016-05-31T23:32:00Z,0
47.74,33,22456.04,Henryland,1,Saint Lucia,2016-05-14T14:49:05Z,1
79.18,31,58443.99,Lake Danielle,0,Algeria,2016-01-10T20:18:21Z,0
86.81,29,50820.74,Joshuaburgh,1,Turkmenistan,2016-02-21T16:57:59Z,0
41.53,42,67575.12,South Jeanneport,0,Mayotte,2016-05-23T00:32:54Z,1
70.92,39,66522.79,New Nathan,1,South Africa,2016-07-21T20:30:06Z,0
46.84,45,34903.67,Jonesshire,0,Macao,2016-05-15T18:44:50Z,1
44.4,53,43073.78,Mariahview,1,France,2016-06-30T00:43:40Z,1
52.17,44,57594.7,New Julianberg,1,Equatorial Guinea,2016-02-24T06:17:18Z,1
81.45,31,66027.31,Randyshire,1,Mali,2016-05-30T21:22:22Z,0
54.08,36,53012.94,Philipberg,1,Mayotte,2016-06-02T04:14:37Z,1
76.65,31,61117.5,West Dennis,0,Pakistan,2016-04-18T07:00:38Z,0
54.39,20,52563.22,Richardshire,1,Guadeloupe,2016-02-29T18:06:21Z,1
37.74,40,65773.49,Lake James,0,Denmark,2016-05-27T12:45:37Z,1
69.86,25,50506.44,Austinborough,0,New Zealand,2016-01-12T21:17:15Z,0
85.37,36,66262.59,Alexandrafort,1,Netherlands Antilles,2016-01-27T17:08:19Z,0
80.99,26,35521.88,Melissastad,1,Belarus,2016-06-10T03:56:41Z,0
78.84,32,62430.55,Gonzalezburgh,1,Taiwan,2016-04-09T09:26:39Z,0
77.36,41,49597.08,Port Jennifer,0,El Salvador,2016-02-26T06:00:16Z,1
55.46,37,42078.89,Chrismouth,0,Taiwan,2016-02-21T23:07:11Z,1
35.66,45,46197.59,Port Beth,0,Peru,2016-04-29T14:08:26Z,1
50.78,51,49957,West David,0,Liberia,2016-02-11T17:02:07Z,1
40.47,38,24078.93,Fraziershire,0,Burundi,2016-07-22T07:44:43Z,1
45.62,43,53647.81,Robertfurt,0,Macao,2016-06-26T02:34:15Z,1
84.76,30,61039.13,South Pamela,0,Venezuela,2016-05-14T23:08:14Z,0
80.64,26,46974.15,North Laurenview,0,Luxembourg,2016-05-24T10:04:39Z,0
75.94,27,53042.51,Campbellstad,1,Italy,2016-02-16T12:05:45Z,0
37.01,50,48826.14,Port Derekberg,0,San Marino,2016-03-20T02:44:13Z,1
87.18,31,58287.86,West Andrew,0,Madagascar,2016-01-31T05:12:44Z,0
56.91,50,21773.22,West Randy,0,Norfolk Island,2016-04-01T05:17:28Z,1
75.24,24,52252.91,South Christopher,0,Vanuatu,2016-02-25T16:33:24Z,0
42.84,52,27073.27,Lake Michellebury,1,Tunisia,2016-03-21T11:02:49Z,1
67.56,47,50628.31,Zacharyton,0,Paraguay,2016-02-12T05:20:19Z,1
34.96,42,36913.51,West James,1,Macedonia,2016-06-01T16:10:30Z,1
87.46,37,61009.1,Millerview,1,Heard Island and McDonald Islands,2016-06-16T03:17:45Z,0
41.86,39,53041.77,Hawkinsbury,1,Ethiopia,2016-03-26T15:28:07Z,1
34.04,34,40182.84,Elizabethport,1,El Salvador,2016-02-16T07:37:28Z,1
54.96,42,59419.78,West Amanda,1,Niger,2016-02-28T09:31:31Z,1
87.14,31,58235.21,Wadestad,1,Timor-Leste,2016-05-18T01:00:52Z,0
78.79,32,68324.48,Mauriceshire,1,Uruguay,2016-02-21T13:11:08Z,0
65.56,25,69646.35,West Arielstad,1,Somalia,2016-01-05T12:59:07Z,0
81.05,34,54045.39,Adamsstad,0,Malaysia,2016-05-18T00:07:43Z,0
55.71,37,57806.03,Lake James,1,Korea,2016-03-06T23:26:44Z,1
45.48,49,53336.76,Blairborough,1,Lao People's Democratic Republic,2016-05-19T04:23:41Z,1
47,56,50491.45,New Marcusbury,0,Bahamas,2016-04-29T20:40:21Z,1
59.64,51,71455.62,Evansville,1,Guyana,2016-05-03T01:09:01Z,1
35.98,45,43241.88,Huffmanchester,0,Ethiopia,2016-06-27T21:51:47Z,1
72.55,22,58953.01,New Cynthia,0,Bosnia and Herzegovina,2016-02-08T07:33:22Z,0
91.15,38,36834.04,Joshuamouth,0,Cyprus,2016-02-22T07:04:05Z,0
80.53,29,66345.1,West Benjamin,0,Singapore,2016-03-21T08:13:24Z,0
82.49,45,38645.4,Williamsfort,0,Dominican Republic,2016-05-31T00:58:37Z,1
80.94,36,60803,North Tiffany,0,Bermuda,2016-01-01T05:31:22Z,0
61.76,34,33553.9,Edwardsport,0,Jamaica,2016-05-27T08:53:51Z,1
63.3,38,63071.34,Lake Evantown,0,Saint Barthelemy,2016-05-09T07:13:27Z,1
36.73,34,46737.34,South Henry,1,Albania,2016-06-27T01:56:36Z,1
78.41,33,55368.67,Harmonhaven,1,Mozambique,2016-06-03T04:51:46Z,0
83.98,36,68305.91,West Gregburgh,0,Zimbabwe,2016-02-24T00:44:44Z,0
63.18,45,39211.49,Hansenland,0,Georgia,2016-03-05T12:03:41Z,1
50.6,48,65956.71,Port Michaelmouth,0,Brazil,2016-01-15T22:49:45Z,1
32.6,38,40159.2,Tylerport,0,Syrian Arab Republic,2016-02-12T03:39:09Z,1
60.83,19,40478.83,West Lacey,1,Palestinian Territory,2016-02-19T20:49:27Z,0
44.72,46,40468.53,North Jenniferburgh,1,Grenada,2016-03-12T02:48:18Z,1
78.76,51,66980.27,South Davidhaven,0,Ghana,2016-07-23T04:04:42Z,1
79.51,39,34942.26,North Charlesbury,1,Brunei Darussalam,2016-03-06T09:33:46Z,1
39.3,32,48335.2,Jonathanland,0,Lithuania,2016-02-24T04:11:37Z,1
64.79,30,42251.59,North Virginia,0,Maldives,2016-02-17T20:22:49Z,1
89.8,36,57330.43,West Tanner,0,Lesotho,2016-02-02T04:57:50Z,0
72.82,34,75769.82,Jonesmouth,1,Czech Republic,2016-01-27T16:06:05Z,0
38.65,31,51812.71,Port Jason,1,Iceland,2016-05-24T09:50:41Z,1
59.01,30,75265.96,West Annefort,1,Philippines,2016-02-08T22:45:26Z,1
78.96,50,69868.48,East Jason,0,Cayman Islands,2016-02-12T01:55:38Z,1
63.99,43,72802.42,North Cassie,0,Haiti,2016-01-11T08:18:12Z,1
41.35,27,39193.45,Hintonport,1,Colombia,2016-03-03T03:51:27Z,1
62.79,36,18368.57,New James,1,Luxembourg,2016-05-30T20:08:51Z,1
45.53,29,56129.89,North Destiny,0,United Arab Emirates,2016-04-22T22:01:21Z,1
51.65,31,58996.56,Mclaughlinbury,0,Ireland,2016-05-25T10:39:28Z,0
54.55,44,41547.62,West Gabriellamouth,0,Canada,2016-02-04T03:10:17Z,1
35.66,36,59240.24,Alvarezland,0,Svalbard & Jan Mayen Islands,2016-02-21T20:09:12Z,1
69.95,28,56725.47,New Julie,0,Malta,2016-04-28T01:24:34Z,0
79.83,29,55764.43,North Frankstad,1,Sudan,2016-05-18T19:33:51Z,0
85.35,37,64235.51,Claytonside,1,Ecuador,2016-02-17T11:15:31Z,0
56.78,28,39939.39,Melanieton,0,Senegal,2016-06-19T23:04:45Z,1
78.67,26,63319.99,Lake Michaelport,0,Cambodia,2016-02-20T09:54:06Z,0
70.09,21,54725.87,East Benjaminville,0,Belarus,2016-01-22T12:58:14Z,0
60.75,42,69775.75,Garrettborough,1,Guyana,2016-02-19T13:26:24Z,0
65.07,24,57545.56,Port Raymondfort,0,Mali,2016-01-03T07:13:53Z,0
35.25,50,47051.02,Waltertown,0,Iran,2016-01-03T04:39:47Z,1
37.58,52,51600.47,Cameronberg,1,Bulgaria,2016-04-13T13:04:47Z,1
68.01,25,68357.96,Kaylashire,1,Afghanistan,2016-01-01T03:35:35Z,0
45.08,38,35349.26,Fosterside,0,Liberia,2016-03-27T08:32:37Z,1
63.04,27,69784.85,Davidstad,0,Netherlands Antilles,2016-07-10T16:25:56Z,1
40.18,29,50760.23,Lake Tracy,0,Hong Kong,2016-06-25T04:21:33Z,1
45.17,48,34418.09,Taylormouth,1,Palau,2016-01-27T14:41:10Z,1
50.48,50,20592.99,Dianaville,0,Malawi,2016-05-16T18:51:59Z,1
80.87,28,63528.8,Collinsburgh,0,Uruguay,2016-02-27T20:20:25Z,0
41.88,40,44217.68,Port Rachel,1,Cyprus,2016-02-28T23:54:44Z,1
39.87,48,47929.83,South Rebecca,1,Mexico,2016-06-13T06:11:33Z,1
61.84,45,46024.29,Port Joshuafort,1,Niger,2016-05-05T11:07:13Z,1
54.97,31,51900.03,Robinsontown,1,France,2016-07-07T12:17:33Z,1
71.4,30,72188.9,Beckton,0,Japan,2016-05-24T17:07:08Z,0
70.29,31,56974.51,New Frankshire,1,Norfolk Island,2016-03-30T14:36:55Z,0
67.26,57,25682.65,North Derekville,1,Bulgaria,2016-05-27T05:54:03Z,1
76.58,46,41884.64,West Sydney,0,Uzbekistan,2016-01-03T16:30:51Z,0
54.37,38,72196.29,Lake Matthew,0,Mexico,2016-06-25T18:17:53Z,1
82.79,32,54429.17,Lake Zacharyfurt,1,Brunei Darussalam,2016-02-24T10:36:43Z,0
66.47,31,58037.66,Lindsaymouth,1,France,2016-03-03T03:13:48Z,0
72.88,44,64011.26,Sarahland,0,Yemen,2016-04-21T19:56:24Z,1
76.44,28,59967.19,Port Julie,1,Northern Mariana Islands,2016-04-06T17:26:37Z,0
63.37,43,43155.19,Michaelshire,1,Poland,2016-03-23T12:53:23Z,1
89.71,48,51501.38,Sarafurt,1,Bahrain,2016-02-17T07:00:38Z,0
70.96,31,55187.85,South Denise,0,Saint Pierre and Miquelon,2016-06-26T07:01:47Z,0
35.79,44,33813.08,North Katie,1,Tonga,2016-04-20T13:36:42Z,1
38.96,38,36497.22,Mauricefurt,1,Comoros,2016-07-21T16:02:40Z,1
69.17,40,66193.81,New Patrick,0,Montenegro,2016-03-06T11:36:06Z,1
64.2,27,66200.96,Edwardsmouth,1,Isle of Man,2016-02-11T23:45:01Z,0
43.7,28,63126.96,Nicholasland,0,Mayotte,2016-04-04T03:57:48Z,1
72.97,30,71384.57,Duffystad,1,Lebanon,2016-02-11T21:49:00Z,1
51.3,45,67782.17,New Darlene,1,Bosnia and Herzegovina,2016-04-22T02:07:01Z,1
51.63,51,42415.72,South Jessica,1,Mongolia,2016-02-01T17:24:57Z,1
55.55,19,41920.79,West Steven,0,Guatemala,2016-03-24T02:35:54Z,0
45.01,26,29875.8,Ronniemouth,0,Brazil,2016-06-03T21:43:21Z,1
